spec_id,deposit_timing,first_feasible_month,feasible_date_rate,W12,W24,etf_pnl,futures_pnl,margin_peak,margin_mean,margin_to_nav_peak,reject_free_cash_insufficient,reject_nav_multiple_gate,reject_prior_day_volume,reject_limit_price,reject_contract_unavailable,reject_expiry_roll_unavailable,reject_other,monthly_reject_json,margin_calls,forced_liquidations,rolls,fees,max_drawdown,asset_identity_failures,u3_codes_traded,dual_target_pass
CO-0432,beginning,2024-10,0.0628930817610062,418355.19685,857785.1607100001,13342.099999999984,-52859.99999999982,169380.0,52382.894845360825,0.5371821254190245,89,59,0,1,0,0,0,"{""202402"":{""nav_multiple_gate"":12},""202403"":{""nav_multiple_gate"":19},""202404"":{""nav_multiple_gate"":10},""202405"":{""nav_multiple_gate"":18},""202407"":{""free_cash_insufficient"":11},""202408"":{""free_cash_insufficient"":2},""202409"":{""free_cash_insufficient"":5},""202410"":{""limit_price"":1,""free_cash_insufficient"":11},""202412"":{""free_cash_insufficient"":8},""202502"":{""free_cash_insufficient"":15},""202503"":{""free_cash_insufficient"":1},""202505"":{""free_cash_insufficient"":17},""202506"":{""free_cash_insufficient"":7},""202507"":{""free_cash_insufficient"":11},""202508"":{""free_cash_insufficient"":1}}",1,1,9,675.03929,-0.1747337246869734,1,"510050,510300,510500",False
CO-0432,ending,2024-10,0.037037037037037,385737.08866000007,820009.6751500001,11146.59999999998,-57050.99999999988,168432.0,98112.8412371134,0.5420897337084265,18,59,0,1,0,0,0,"{""202402"":{""nav_multiple_gate"":12},""202403"":{""nav_multiple_gate"":19},""202404"":{""nav_multiple_gate"":10},""202405"":{""nav_multiple_gate"":18},""202407"":{""free_cash_insufficient"":11},""202408"":{""free_cash_insufficient"":2},""202409"":{""free_cash_insufficient"":5},""202410"":{""limit_price"":1}}",0,0,2,324.92485000000005,-0.1623937993131713,0,"510050,510300,510500",False
CO-0433,beginning,2024-10,0.0628930817610062,418355.19685,857785.1607100001,13342.099999999984,-52859.99999999982,169380.0,52382.894845360825,0.5371821254190245,89,59,0,1,0,0,0,"{""202402"":{""nav_multiple_gate"":12},""202403"":{""nav_multiple_gate"":19},""202404"":{""nav_multiple_gate"":10},""202405"":{""nav_multiple_gate"":18},""202407"":{""free_cash_insufficient"":11},""202408"":{""free_cash_insufficient"":2},""202409"":{""free_cash_insufficient"":5},""202410"":{""limit_price"":1,""free_cash_insufficient"":11},""202412"":{""free_cash_insufficient"":8},""202502"":{""free_cash_insufficient"":15},""202503"":{""free_cash_insufficient"":1},""202505"":{""free_cash_insufficient"":17},""202506"":{""free_cash_insufficient"":7},""202507"":{""free_cash_insufficient"":11},""202508"":{""free_cash_insufficient"":1}}",1,1,9,675.03929,-0.1747337246869734,1,"510050,510300,510500",False
CO-0433,ending,2024-10,0.037037037037037,385737.08866000007,820009.6751500001,11146.59999999998,-57050.99999999988,168432.0,98112.8412371134,0.5420897337084265,18,59,0,1,0,0,0,"{""202402"":{""nav_multiple_gate"":12},""202403"":{""nav_multiple_gate"":19},""202404"":{""nav_multiple_gate"":10},""202405"":{""nav_multiple_gate"":18},""202407"":{""free_cash_insufficient"":11},""202408"":{""free_cash_insufficient"":2},""202409"":{""free_cash_insufficient"":5},""202410"":{""limit_price"":1}}",0,0,2,324.92485000000005,-0.1623937993131713,0,"510050,510300,510500",False
CO-0434,beginning,2024-10,0.0628930817610062,418355.19685,857785.1607100001,13342.099999999984,-52859.99999999982,169380.0,52382.894845360825,0.5371821254190245,89,59,0,1,0,0,0,"{""202402"":{""nav_multiple_gate"":12},""202403"":{""nav_multiple_gate"":19},""202404"":{""nav_multiple_gate"":10},""202405"":{""nav_multiple_gate"":18},""202407"":{""free_cash_insufficient"":11},""202408"":{""free_cash_insufficient"":2},""202409"":{""free_cash_insufficient"":5},""202410"":{""limit_price"":1,""free_cash_insufficient"":11},""202412"":{""free_cash_insufficient"":8},""202502"":{""free_cash_insufficient"":15},""202503"":{""free_cash_insufficient"":1},""202505"":{""free_cash_insufficient"":17},""202506"":{""free_cash_insufficient"":7},""202507"":{""free_cash_insufficient"":11},""202508"":{""free_cash_insufficient"":1}}",1,1,9,675.03929,-0.1747337246869734,1,"510050,510300,510500",False
CO-0434,ending,2024-10,0.037037037037037,385737.08866000007,820009.6751500001,11146.59999999998,-57050.99999999988,168432.0,98112.8412371134,0.5420897337084265,18,59,0,1,0,0,0,"{""202402"":{""nav_multiple_gate"":12},""202403"":{""nav_multiple_gate"":19},""202404"":{""nav_multiple_gate"":10},""202405"":{""nav_multiple_gate"":18},""202407"":{""free_cash_insufficient"":11},""202408"":{""free_cash_insufficient"":2},""202409"":{""free_cash_insufficient"":5},""202410"":{""limit_price"":1}}",0,0,2,324.92485000000005,-0.1623937993131713,0,"510050,510300,510500",False
CO-0435,beginning,2024-10,0.0628930817610062,418355.19685,857785.1607100001,13342.099999999984,-52859.99999999982,169380.0,52382.894845360825,0.5371821254190245,89,59,0,1,0,0,0,"{""202402"":{""nav_multiple_gate"":12},""202403"":{""nav_multiple_gate"":19},""202404"":{""nav_multiple_gate"":10},""202405"":{""nav_multiple_gate"":18},""202407"":{""free_cash_insufficient"":11},""202408"":{""free_cash_insufficient"":2},""202409"":{""free_cash_insufficient"":5},""202410"":{""limit_price"":1,""free_cash_insufficient"":11},""202412"":{""free_cash_insufficient"":8},""202502"":{""free_cash_insufficient"":15},""202503"":{""free_cash_insufficient"":1},""202505"":{""free_cash_insufficient"":17},""202506"":{""free_cash_insufficient"":7},""202507"":{""free_cash_insufficient"":11},""202508"":{""free_cash_insufficient"":1}}",1,1,9,675.03929,-0.1747337246869734,1,"510050,510300,510500",False
CO-0435,ending,2024-10,0.037037037037037,385737.08866000007,820009.6751500001,11146.59999999998,-57050.99999999988,168432.0,98112.8412371134,0.5420897337084265,18,59,0,1,0,0,0,"{""202402"":{""nav_multiple_gate"":12},""202403"":{""nav_multiple_gate"":19},""202404"":{""nav_multiple_gate"":10},""202405"":{""nav_multiple_gate"":18},""202407"":{""free_cash_insufficient"":11},""202408"":{""free_cash_insufficient"":2},""202409"":{""free_cash_insufficient"":5},""202410"":{""limit_price"":1}}",0,0,2,324.92485000000005,-0.1623937993131713,0,"510050,510300,510500",False
CO-0436,beginning,2024-10,0.1032258064516129,405920.97398,826211.7225700002,12792.699999999992,-83982.00000000015,168432.0,55033.92989690722,0.5219491682494061,79,59,0,1,0,0,0,"{""202402"":{""nav_multiple_gate"":12},""202403"":{""nav_multiple_gate"":19},""202404"":{""nav_multiple_gate"":10},""202405"":{""nav_multiple_gate"":18},""202407"":{""free_cash_insufficient"":11},""202408"":{""free_cash_insufficient"":2},""202409"":{""free_cash_insufficient"":5},""202410"":{""limit_price"":1,""free_cash_insufficient"":12},""202412"":{""free_cash_insufficient"":8},""202502"":{""free_cash_insufficient"":15},""202503"":{""free_cash_insufficient"":1},""202505"":{""free_cash_insufficient"":17},""202506"":{""free_cash_insufficient"":8}}",1,1,15,759.27743,-0.1866129193743683,1,"510050,510300,510500",False
CO-0436,ending,2024-10,0.0602409638554216,385709.59001,819982.1765000001,11160.09999999998,-61850.99999999988,168432.0,98078.17731958764,0.5272104955729277,18,59,0,1,0,0,0,"{""202402"":{""nav_multiple_gate"":12},""202403"":{""nav_multiple_gate"":19},""202404"":{""nav_multiple_gate"":10},""202405"":{""nav_multiple_gate"":18},""202407"":{""free_cash_insufficient"":11},""202408"":{""free_cash_insufficient"":2},""202409"":{""free_cash_insufficient"":5},""202410"":{""limit_price"":1}}",0,0,4,356.92349999999993,-0.1624825284879287,0,"510050,510300,510500",False
CO-0437,beginning,2024-10,0.1032258064516129,405920.97398,826211.7225700002,12792.699999999992,-83982.00000000015,168432.0,55033.92989690722,0.5219491682494061,79,59,0,1,0,0,0,"{""202402"":{""nav_multiple_gate"":12},""202403"":{""nav_multiple_gate"":19},""202404"":{""nav_multiple_gate"":10},""202405"":{""nav_multiple_gate"":18},""202407"":{""free_cash_insufficient"":11},""202408"":{""free_cash_insufficient"":2},""202409"":{""free_cash_insufficient"":5},""202410"":{""limit_price"":1,""free_cash_insufficient"":12},""202412"":{""free_cash_insufficient"":8},""202502"":{""free_cash_insufficient"":15},""202503"":{""free_cash_insufficient"":1},""202505"":{""free_cash_insufficient"":17},""202506"":{""free_cash_insufficient"":8}}",1,1,15,759.27743,-0.1866129193743683,1,"510050,510300,510500",False
CO-0437,ending,2024-10,0.0602409638554216,385709.59001,819982.1765000001,11160.09999999998,-61850.99999999988,168432.0,98078.17731958764,0.5272104955729277,18,59,0,1,0,0,0,"{""202402"":{""nav_multiple_gate"":12},""202403"":{""nav_multiple_gate"":19},""202404"":{""nav_multiple_gate"":10},""202405"":{""nav_multiple_gate"":18},""202407"":{""free_cash_insufficient"":11},""202408"":{""free_cash_insufficient"":2},""202409"":{""free_cash_insufficient"":5},""202410"":{""limit_price"":1}}",0,0,4,356.92349999999993,-0.1624825284879287,0,"510050,510300,510500",False
CO-0438,beginning,2024-10,0.1032258064516129,405920.97398,826211.7225700002,12792.699999999992,-83982.00000000015,168432.0,55033.92989690722,0.5219491682494061,79,59,0,1,0,0,0,"{""202402"":{""nav_multiple_gate"":12},""202403"":{""nav_multiple_gate"":19},""202404"":{""nav_multiple_gate"":10},""202405"":{""nav_multiple_gate"":18},""202407"":{""free_cash_insufficient"":11},""202408"":{""free_cash_insufficient"":2},""202409"":{""free_cash_insufficient"":5},""202410"":{""limit_price"":1,""free_cash_insufficient"":12},""202412"":{""free_cash_insufficient"":8},""202502"":{""free_cash_insufficient"":15},""202503"":{""free_cash_insufficient"":1},""202505"":{""free_cash_insufficient"":17},""202506"":{""free_cash_insufficient"":8}}",1,1,15,759.27743,-0.1866129193743683,1,"510050,510300,510500",False
CO-0438,ending,2024-10,0.0602409638554216,385709.59001,819982.1765000001,11160.09999999998,-61850.99999999988,168432.0,98078.17731958764,0.5272104955729277,18,59,0,1,0,0,0,"{""202402"":{""nav_multiple_gate"":12},""202403"":{""nav_multiple_gate"":19},""202404"":{""nav_multiple_gate"":10},""202405"":{""nav_multiple_gate"":18},""202407"":{""free_cash_insufficient"":11},""202408"":{""free_cash_insufficient"":2},""202409"":{""free_cash_insufficient"":5},""202410"":{""limit_price"":1}}",0,0,4,356.92349999999993,-0.1624825284879287,0,"510050,510300,510500",False
CO-0439,beginning,2024-10,0.1032258064516129,405920.97398,826211.7225700002,12792.699999999992,-83982.00000000015,168432.0,55033.92989690722,0.5219491682494061,79,59,0,1,0,0,0,"{""202402"":{""nav_multiple_gate"":12},""202403"":{""nav_multiple_gate"":19},""202404"":{""nav_multiple_gate"":10},""202405"":{""nav_multiple_gate"":18},""202407"":{""free_cash_insufficient"":11},""202408"":{""free_cash_insufficient"":2},""202409"":{""free_cash_insufficient"":5},""202410"":{""limit_price"":1,""free_cash_insufficient"":12},""202412"":{""free_cash_insufficient"":8},""202502"":{""free_cash_insufficient"":15},""202503"":{""free_cash_insufficient"":1},""202505"":{""free_cash_insufficient"":17},""202506"":{""free_cash_insufficient"":8}}",1,1,15,759.27743,-0.1866129193743683,1,"510050,510300,510500",False
CO-0439,ending,2024-10,0.0602409638554216,385709.59001,819982.1765000001,11160.09999999998,-61850.99999999988,168432.0,98078.17731958764,0.5272104955729277,18,59,0,1,0,0,0,"{""202402"":{""nav_multiple_gate"":12},""202403"":{""nav_multiple_gate"":19},""202404"":{""nav_multiple_gate"":10},""202405"":{""nav_multiple_gate"":18},""202407"":{""free_cash_insufficient"":11},""202408"":{""free_cash_insufficient"":2},""202409"":{""free_cash_insufficient"":5},""202410"":{""limit_price"":1}}",0,0,4,356.92349999999993,-0.1624825284879287,0,"510050,510300,510500",False
CO-0440,beginning,2024-10,0.1428571428571428,405874.5475,856528.1108900001,13351.399999999989,-49139.999999999935,170388.0,52090.960824742266,0.4906700762045697,90,59,0,1,0,0,0,"{""202402"":{""nav_multiple_gate"":12},""202403"":{""nav_multiple_gate"":19},""202404"":{""nav_multiple_gate"":10},""202405"":{""nav_multiple_gate"":18},""202407"":{""free_cash_insufficient"":11},""202408"":{""free_cash_insufficient"":2},""202409"":{""free_cash_insufficient"":5},""202410"":{""limit_price"":1,""free_cash_insufficient"":12},""202412"":{""free_cash_insufficient"":8},""202502"":{""free_cash_insufficient"":15},""202503"":{""free_cash_insufficient"":1},""202505"":{""free_cash_insufficient"":17},""202506"":{""free_cash_insufficient"":3},""202507"":{""free_cash_insufficient"":15},""202508"":{""free_cash_insufficient"":1}}",1,1,24,914.28911,-0.1866982625186062,1,"510050,510300,510500",False
CO-0440,ending,2024-10,0.0823529411764705,385677.59001,819943.5745200001,11159.69999999998,-77750.99999999988,168432.0,98057.19587628866,0.5191893058805237,18,59,0,1,0,0,0,"{""202402"":{""nav_multiple_gate"":12},""202403"":{""nav_multiple_gate"":19},""202404"":{""nav_multiple_gate"":10},""202405"":{""nav_multiple_gate"":18},""202407"":{""free_cash_insufficient"":11},""202408"":{""free_cash_insufficient"":2},""202409"":{""free_cash_insufficient"":5},""202410"":{""limit_price"":1}}",0,0,6,388.92548,-0.1625712576626863,0,"510050,510300,510500",False
CO-0441,beginning,2024-10,0.1428571428571428,405874.5475,856528.1108900001,13351.399999999989,-49139.999999999935,170388.0,52090.960824742266,0.4906700762045697,90,59,0,1,0,0,0,"{""202402"":{""nav_multiple_gate"":12},""202403"":{""nav_multiple_gate"":19},""202404"":{""nav_multiple_gate"":10},""202405"":{""nav_multiple_gate"":18},""202407"":{""free_cash_insufficient"":11},""202408"":{""free_cash_insufficient"":2},""202409"":{""free_cash_insufficient"":5},""202410"":{""limit_price"":1,""free_cash_insufficient"":12},""202412"":{""free_cash_insufficient"":8},""202502"":{""free_cash_insufficient"":15},""202503"":{""free_cash_insufficient"":1},""202505"":{""free_cash_insufficient"":17},""202506"":{""free_cash_insufficient"":3},""202507"":{""free_cash_insufficient"":15},""202508"":{""free_cash_insufficient"":1}}",1,1,24,914.28911,-0.1866982625186062,1,"510050,510300,510500",False
CO-0441,ending,2024-10,0.0823529411764705,385677.59001,819943.5745200001,11159.69999999998,-77750.99999999988,168432.0,98057.19587628866,0.5191893058805237,18,59,0,1,0,0,0,"{""202402"":{""nav_multiple_gate"":12},""202403"":{""nav_multiple_gate"":19},""202404"":{""nav_multiple_gate"":10},""202405"":{""nav_multiple_gate"":18},""202407"":{""free_cash_insufficient"":11},""202408"":{""free_cash_insufficient"":2},""202409"":{""free_cash_insufficient"":5},""202410"":{""limit_price"":1}}",0,0,6,388.92548,-0.1625712576626863,0,"510050,510300,510500",False
CO-0442,beginning,2024-10,0.1428571428571428,405874.5475,856528.1108900001,13351.399999999989,-49139.999999999935,170388.0,52090.960824742266,0.4906700762045697,90,59,0,1,0,0,0,"{""202402"":{""nav_multiple_gate"":12},""202403"":{""nav_multiple_gate"":19},""202404"":{""nav_multiple_gate"":10},""202405"":{""nav_multiple_gate"":18},""202407"":{""free_cash_insufficient"":11},""202408"":{""free_cash_insufficient"":2},""202409"":{""free_cash_insufficient"":5},""202410"":{""limit_price"":1,""free_cash_insufficient"":12},""202412"":{""free_cash_insufficient"":8},""202502"":{""free_cash_insufficient"":15},""202503"":{""free_cash_insufficient"":1},""202505"":{""free_cash_insufficient"":17},""202506"":{""free_cash_insufficient"":3},""202507"":{""free_cash_insufficient"":15},""202508"":{""free_cash_insufficient"":1}}",1,1,24,914.28911,-0.1866982625186062,1,"510050,510300,510500",False
CO-0442,ending,2024-10,0.0823529411764705,385677.59001,819943.5745200001,11159.69999999998,-77750.99999999988,168432.0,98057.19587628866,0.5191893058805237,18,59,0,1,0,0,0,"{""202402"":{""nav_multiple_gate"":12},""202403"":{""nav_multiple_gate"":19},""202404"":{""nav_multiple_gate"":10},""202405"":{""nav_multiple_gate"":18},""202407"":{""free_cash_insufficient"":11},""202408"":{""free_cash_insufficient"":2},""202409"":{""free_cash_insufficient"":5},""202410"":{""limit_price"":1}}",0,0,6,388.92548,-0.1625712576626863,0,"510050,510300,510500",False
CO-0443,beginning,2024-10,0.1428571428571428,405874.5475,856528.1108900001,13351.399999999989,-49139.999999999935,170388.0,52090.960824742266,0.4906700762045697,90,59,0,1,0,0,0,"{""202402"":{""nav_multiple_gate"":12},""202403"":{""nav_multiple_gate"":19},""202404"":{""nav_multiple_gate"":10},""202405"":{""nav_multiple_gate"":18},""202407"":{""free_cash_insufficient"":11},""202408"":{""free_cash_insufficient"":2},""202409"":{""free_cash_insufficient"":5},""202410"":{""limit_price"":1,""free_cash_insufficient"":12},""202412"":{""free_cash_insufficient"":8},""202502"":{""free_cash_insufficient"":15},""202503"":{""free_cash_insufficient"":1},""202505"":{""free_cash_insufficient"":17},""202506"":{""free_cash_insufficient"":3},""202507"":{""free_cash_insufficient"":15},""202508"":{""free_cash_insufficient"":1}}",1,1,24,914.28911,-0.1866982625186062,1,"510050,510300,510500",False
CO-0443,ending,2024-10,0.0823529411764705,385677.59001,819943.5745200001,11159.69999999998,-77750.99999999988,168432.0,98057.19587628866,0.5191893058805237,18,59,0,1,0,0,0,"{""202402"":{""nav_multiple_gate"":12},""202403"":{""nav_multiple_gate"":19},""202404"":{""nav_multiple_gate"":10},""202405"":{""nav_multiple_gate"":18},""202407"":{""free_cash_insufficient"":11},""202408"":{""free_cash_insufficient"":2},""202409"":{""free_cash_insufficient"":5},""202410"":{""limit_price"":1}}",0,0,6,388.92548,-0.1625712576626863,0,"510050,510300,510500",False
CO-0444,beginning,2024-10,0.0246913580246913,410424.58117,859726.17951,13448.099999999982,-56819.99999999989,168432.0,97782.63092783504,0.5252316063514134,8,70,0,1,0,0,0,"{""202402"":{""nav_multiple_gate"":12},""202403"":{""nav_multiple_gate"":19},""202404"":{""nav_multiple_gate"":10},""202405"":{""nav_multiple_gate"":18},""202407"":{""nav_multiple_gate"":11},""202408"":{""free_cash_insufficient"":2},""202409"":{""free_cash_insufficient"":5},""202410"":{""limit_price"":1,""free_cash_insufficient"":1}}",0,0,1,369.62049,-0.1508794930069097,0,"510050,510300,510500",False
CO-0444,ending,2024-10,0.037037037037037,391473.1522400001,827359.6591500002,13952.79999999998,-57050.99999999988,168432.0,98112.8412371134,0.5299467807301087,7,70,0,1,0,0,0,"{""202402"":{""nav_multiple_gate"":12},""202403"":{""nav_multiple_gate"":19},""202404"":{""nav_multiple_gate"":10},""202405"":{""nav_multiple_gate"":18},""202407"":{""nav_multiple_gate"":11},""202408"":{""free_cash_insufficient"":2},""202409"":{""free_cash_insufficient"":5},""202410"":{""limit_price"":1}}",0,0,2,352.74085,-0.1593057393464635,0,"510050,510300,510500",False
CO-0445,beginning,2024-10,0.0246913580246913,410424.58117,859726.17951,13448.099999999982,-56819.99999999989,168432.0,97782.63092783504,0.5252316063514134,8,70,0,1,0,0,0,"{""202402"":{""nav_multiple_gate"":12},""202403"":{""nav_multiple_gate"":19},""202404"":{""nav_multiple_gate"":10},""202405"":{""nav_multiple_gate"":18},""202407"":{""nav_multiple_gate"":11},""202408"":{""free_cash_insufficient"":2},""202409"":{""free_cash_insufficient"":5},""202410"":{""limit_price"":1,""free_cash_insufficient"":1}}",0,0,1,369.62049,-0.1508794930069097,0,"510050,510300,510500",False
CO-0445,ending,2024-10,0.037037037037037,391473.1522400001,827359.6591500002,13952.79999999998,-57050.99999999988,168432.0,98112.8412371134,0.5299467807301087,7,70,0,1,0,0,0,"{""202402"":{""nav_multiple_gate"":12},""202403"":{""nav_multiple_gate"":19},""202404"":{""nav_multiple_gate"":10},""202405"":{""nav_multiple_gate"":18},""202407"":{""nav_multiple_gate"":11},""202408"":{""free_cash_insufficient"":2},""202409"":{""free_cash_insufficient"":5},""202410"":{""limit_price"":1}}",0,0,2,352.74085,-0.1593057393464635,0,"510050,510300,510500",False
CO-0446,beginning,2024-10,0.0246913580246913,410424.58117,859726.17951,13448.099999999982,-56819.99999999989,168432.0,97782.63092783504,0.5252316063514134,8,70,0,1,0,0,0,"{""202402"":{""nav_multiple_gate"":12},""202403"":{""nav_multiple_gate"":19},""202404"":{""nav_multiple_gate"":10},""202405"":{""nav_multiple_gate"":18},""202407"":{""nav_multiple_gate"":11},""202408"":{""free_cash_insufficient"":2},""202409"":{""free_cash_insufficient"":5},""202410"":{""limit_price"":1,""free_cash_insufficient"":1}}",0,0,1,369.62049,-0.1508794930069097,0,"510050,510300,510500",False
CO-0446,ending,2024-10,0.037037037037037,391473.1522400001,827359.6591500002,13952.79999999998,-57050.99999999988,168432.0,98112.8412371134,0.5299467807301087,7,70,0,1,0,0,0,"{""202402"":{""nav_multiple_gate"":12},""202403"":{""nav_multiple_gate"":19},""202404"":{""nav_multiple_gate"":10},""202405"":{""nav_multiple_gate"":18},""202407"":{""nav_multiple_gate"":11},""202408"":{""free_cash_insufficient"":2},""202409"":{""free_cash_insufficient"":5},""202410"":{""limit_price"":1}}",0,0,2,352.74085,-0.1593057393464635,0,"510050,510300,510500",False
CO-0447,beginning,2024-10,0.0246913580246913,410424.58117,859726.17951,13448.099999999982,-56819.99999999989,168432.0,97782.63092783504,0.5252316063514134,8,70,0,1,0,0,0,"{""202402"":{""nav_multiple_gate"":12},""202403"":{""nav_multiple_gate"":19},""202404"":{""nav_multiple_gate"":10},""202405"":{""nav_multiple_gate"":18},""202407"":{""nav_multiple_gate"":11},""202408"":{""free_cash_insufficient"":2},""202409"":{""free_cash_insufficient"":5},""202410"":{""limit_price"":1,""free_cash_insufficient"":1}}",0,0,1,369.62049,-0.1508794930069097,0,"510050,510300,510500",False
CO-0447,ending,2024-10,0.037037037037037,391473.1522400001,827359.6591500002,13952.79999999998,-57050.99999999988,168432.0,98112.8412371134,0.5299467807301087,7,70,0,1,0,0,0,"{""202402"":{""nav_multiple_gate"":12},""202403"":{""nav_multiple_gate"":19},""202404"":{""nav_multiple_gate"":10},""202405"":{""nav_multiple_gate"":18},""202407"":{""nav_multiple_gate"":11},""202408"":{""free_cash_insufficient"":2},""202409"":{""free_cash_insufficient"":5},""202410"":{""limit_price"":1}}",0,0,2,352.74085,-0.1593057393464635,0,"510050,510300,510500",False
CO-0448,beginning,2024-10,0.1032258064516129,411726.3412400001,829792.5142800002,15793.099999999991,-83982.00000000015,168432.0,55033.92989690722,0.511373489376778,68,70,0,1,0,0,0,"{""202402"":{""nav_multiple_gate"":12},""202403"":{""nav_multiple_gate"":19},""202404"":{""nav_multiple_gate"":10},""202405"":{""nav_multiple_gate"":18},""202407"":{""nav_multiple_gate"":11},""202408"":{""free_cash_insufficient"":2},""202409"":{""free_cash_insufficient"":5},""202410"":{""limit_price"":1,""free_cash_insufficient"":12},""202412"":{""free_cash_insufficient"":8},""202502"":{""free_cash_insufficient"":15},""202503"":{""free_cash_insufficient"":1},""202505"":{""free_cash_insufficient"":17},""202506"":{""free_cash_insufficient"":8}}",1,1,15,835.0857199999997,-0.1760079945463657,1,"510050,510300,510500",False
CO-0448,ending,2024-10,0.0602409638554216,391441.15224000014,827327.6591500002,13952.79999999998,-61850.99999999988,168432.0,98078.17731958764,0.5164299602846693,7,70,0,1,0,0,0,"{""202402"":{""nav_multiple_gate"":12},""202403"":{""nav_multiple_gate"":19},""202404"":{""nav_multiple_gate"":10},""202405"":{""nav_multiple_gate"":18},""202407"":{""nav_multiple_gate"":11},""202408"":{""free_cash_insufficient"":2},""202409"":{""free_cash_insufficient"":5},""202410"":{""limit_price"":1}}",0,0,4,384.7408500000001,-0.1593930325541382,0,"510050,510300,510500",False
CO-0449,beginning,2024-10,0.1032258064516129,411726.3412400001,829792.5142800002,15793.099999999991,-83982.00000000015,168432.0,55033.92989690722,0.511373489376778,68,70,0,1,0,0,0,"{""202402"":{""nav_multiple_gate"":12},""202403"":{""nav_multiple_gate"":19},""202404"":{""nav_multiple_gate"":10},""202405"":{""nav_multiple_gate"":18},""202407"":{""nav_multiple_gate"":11},""202408"":{""free_cash_insufficient"":2},""202409"":{""free_cash_insufficient"":5},""202410"":{""limit_price"":1,""free_cash_insufficient"":12},""202412"":{""free_cash_insufficient"":8},""202502"":{""free_cash_insufficient"":15},""202503"":{""free_cash_insufficient"":1},""202505"":{""free_cash_insufficient"":17},""202506"":{""free_cash_insufficient"":8}}",1,1,15,835.0857199999997,-0.1760079945463657,1,"510050,510300,510500",False
CO-0449,ending,2024-10,0.0602409638554216,391441.15224000014,827327.6591500002,13952.79999999998,-61850.99999999988,168432.0,98078.17731958764,0.5164299602846693,7,70,0,1,0,0,0,"{""202402"":{""nav_multiple_gate"":12},""202403"":{""nav_multiple_gate"":19},""202404"":{""nav_multiple_gate"":10},""202405"":{""nav_multiple_gate"":18},""202407"":{""nav_multiple_gate"":11},""202408"":{""free_cash_insufficient"":2},""202409"":{""free_cash_insufficient"":5},""202410"":{""limit_price"":1}}",0,0,4,384.7408500000001,-0.1593930325541382,0,"510050,510300,510500",False
CO-0450,beginning,2024-10,0.1032258064516129,411726.3412400001,829792.5142800002,15793.099999999991,-83982.00000000015,168432.0,55033.92989690722,0.511373489376778,68,70,0,1,0,0,0,"{""202402"":{""nav_multiple_gate"":12},""202403"":{""nav_multiple_gate"":19},""202404"":{""nav_multiple_gate"":10},""202405"":{""nav_multiple_gate"":18},""202407"":{""nav_multiple_gate"":11},""202408"":{""free_cash_insufficient"":2},""202409"":{""free_cash_insufficient"":5},""202410"":{""limit_price"":1,""free_cash_insufficient"":12},""202412"":{""free_cash_insufficient"":8},""202502"":{""free_cash_insufficient"":15},""202503"":{""free_cash_insufficient"":1},""202505"":{""free_cash_insufficient"":17},""202506"":{""free_cash_insufficient"":8}}",1,1,15,835.0857199999997,-0.1760079945463657,1,"510050,510300,510500",False
CO-0450,ending,2024-10,0.0602409638554216,391441.15224000014,827327.6591500002,13952.79999999998,-61850.99999999988,168432.0,98078.17731958764,0.5164299602846693,7,70,0,1,0,0,0,"{""202402"":{""nav_multiple_gate"":12},""202403"":{""nav_multiple_gate"":19},""202404"":{""nav_multiple_gate"":10},""202405"":{""nav_multiple_gate"":18},""202407"":{""nav_multiple_gate"":11},""202408"":{""free_cash_insufficient"":2},""202409"":{""free_cash_insufficient"":5},""202410"":{""limit_price"":1}}",0,0,4,384.7408500000001,-0.1593930325541382,0,"510050,510300,510500",False
CO-0451,beginning,2024-10,0.1032258064516129,411726.3412400001,829792.5142800002,15793.099999999991,-83982.00000000015,168432.0,55033.92989690722,0.511373489376778,68,70,0,1,0,0,0,"{""202402"":{""nav_multiple_gate"":12},""202403"":{""nav_multiple_gate"":19},""202404"":{""nav_multiple_gate"":10},""202405"":{""nav_multiple_gate"":18},""202407"":{""nav_multiple_gate"":11},""202408"":{""free_cash_insufficient"":2},""202409"":{""free_cash_insufficient"":5},""202410"":{""limit_price"":1,""free_cash_insufficient"":12},""202412"":{""free_cash_insufficient"":8},""202502"":{""free_cash_insufficient"":15},""202503"":{""free_cash_insufficient"":1},""202505"":{""free_cash_insufficient"":17},""202506"":{""free_cash_insufficient"":8}}",1,1,15,835.0857199999997,-0.1760079945463657,1,"510050,510300,510500",False
CO-0451,ending,2024-10,0.0602409638554216,391441.15224000014,827327.6591500002,13952.79999999998,-61850.99999999988,168432.0,98078.17731958764,0.5164299602846693,7,70,0,1,0,0,0,"{""202402"":{""nav_multiple_gate"":12},""202403"":{""nav_multiple_gate"":19},""202404"":{""nav_multiple_gate"":10},""202405"":{""nav_multiple_gate"":18},""202407"":{""nav_multiple_gate"":11},""202408"":{""free_cash_insufficient"":2},""202409"":{""free_cash_insufficient"":5},""202410"":{""limit_price"":1}}",0,0,4,384.7408500000001,-0.1593930325541382,0,"510050,510300,510500",False
CO-0452,beginning,2024-10,0.1428571428571428,411662.3412400001,857434.2377700002,16797.79999999999,-49139.999999999935,170388.0,52090.960824742266,0.4804854017562123,79,70,0,1,0,0,0,"{""202402"":{""nav_multiple_gate"":12},""202403"":{""nav_multiple_gate"":19},""202404"":{""nav_multiple_gate"":10},""202405"":{""nav_multiple_gate"":18},""202407"":{""nav_multiple_gate"":11},""202408"":{""free_cash_insufficient"":2},""202409"":{""free_cash_insufficient"":5},""202410"":{""limit_price"":1,""free_cash_insufficient"":12},""202412"":{""free_cash_insufficient"":8},""202502"":{""free_cash_insufficient"":15},""202503"":{""free_cash_insufficient"":1},""202505"":{""free_cash_insufficient"":17},""202506"":{""free_cash_insufficient"":3},""202507"":{""free_cash_insufficient"":15},""202508"":{""free_cash_insufficient"":1}}",1,1,24,1014.4622299999996,-0.1760390442238848,1,"510050,510300,510500",False
CO-0452,ending,2024-10,0.0823529411764705,391409.15224000014,827295.6591500002,13952.79999999998,-77750.99999999988,168432.0,98057.19587628866,0.508908526913518,7,70,0,1,0,0,0,"{""202402"":{""nav_multiple_gate"":12},""202403"":{""nav_multiple_gate"":19},""202404"":{""nav_multiple_gate"":10},""202405"":{""nav_multiple_gate"":18},""202407"":{""nav_multiple_gate"":11},""202408"":{""free_cash_insufficient"":2},""202409"":{""free_cash_insufficient"":5},""202410"":{""limit_price"":1}}",0,0,6,416.7408500000001,-0.1594803257618132,0,"510050,510300,510500",False
CO-0453,beginning,2024-10,0.1428571428571428,411662.3412400001,857434.2377700002,16797.79999999999,-49139.999999999935,170388.0,52090.960824742266,0.4804854017562123,79,70,0,1,0,0,0,"{""202402"":{""nav_multiple_gate"":12},""202403"":{""nav_multiple_gate"":19},""202404"":{""nav_multiple_gate"":10},""202405"":{""nav_multiple_gate"":18},""202407"":{""nav_multiple_gate"":11},""202408"":{""free_cash_insufficient"":2},""202409"":{""free_cash_insufficient"":5},""202410"":{""limit_price"":1,""free_cash_insufficient"":12},""202412"":{""free_cash_insufficient"":8},""202502"":{""free_cash_insufficient"":15},""202503"":{""free_cash_insufficient"":1},""202505"":{""free_cash_insufficient"":17},""202506"":{""free_cash_insufficient"":3},""202507"":{""free_cash_insufficient"":15},""202508"":{""free_cash_insufficient"":1}}",1,1,24,1014.4622299999996,-0.1760390442238848,1,"510050,510300,510500",False
CO-0453,ending,2024-10,0.0823529411764705,391409.15224000014,827295.6591500002,13952.79999999998,-77750.99999999988,168432.0,98057.19587628866,0.508908526913518,7,70,0,1,0,0,0,"{""202402"":{""nav_multiple_gate"":12},""202403"":{""nav_multiple_gate"":19},""202404"":{""nav_multiple_gate"":10},""202405"":{""nav_multiple_gate"":18},""202407"":{""nav_multiple_gate"":11},""202408"":{""free_cash_insufficient"":2},""202409"":{""free_cash_insufficient"":5},""202410"":{""limit_price"":1}}",0,0,6,416.7408500000001,-0.1594803257618132,0,"510050,510300,510500",False
CO-0454,beginning,2024-10,0.1428571428571428,411662.3412400001,857434.2377700002,16797.79999999999,-49139.999999999935,170388.0,52090.960824742266,0.4804854017562123,79,70,0,1,0,0,0,"{""202402"":{""nav_multiple_gate"":12},""202403"":{""nav_multiple_gate"":19},""202404"":{""nav_multiple_gate"":10},""202405"":{""nav_multiple_gate"":18},""202407"":{""nav_multiple_gate"":11},""202408"":{""free_cash_insufficient"":2},""202409"":{""free_cash_insufficient"":5},""202410"":{""limit_price"":1,""free_cash_insufficient"":12},""202412"":{""free_cash_insufficient"":8},""202502"":{""free_cash_insufficient"":15},""202503"":{""free_cash_insufficient"":1},""202505"":{""free_cash_insufficient"":17},""202506"":{""free_cash_insufficient"":3},""202507"":{""free_cash_insufficient"":15},""202508"":{""free_cash_insufficient"":1}}",1,1,24,1014.4622299999996,-0.1760390442238848,1,"510050,510300,510500",False
CO-0454,ending,2024-10,0.0823529411764705,391409.15224000014,827295.6591500002,13952.79999999998,-77750.99999999988,168432.0,98057.19587628866,0.508908526913518,7,70,0,1,0,0,0,"{""202402"":{""nav_multiple_gate"":12},""202403"":{""nav_multiple_gate"":19},""202404"":{""nav_multiple_gate"":10},""202405"":{""nav_multiple_gate"":18},""202407"":{""nav_multiple_gate"":11},""202408"":{""free_cash_insufficient"":2},""202409"":{""free_cash_insufficient"":5},""202410"":{""limit_price"":1}}",0,0,6,416.7408500000001,-0.1594803257618132,0,"510050,510300,510500",False
CO-0455,beginning,2024-10,0.1428571428571428,411662.3412400001,857434.2377700002,16797.79999999999,-49139.999999999935,170388.0,52090.960824742266,0.4804854017562123,79,70,0,1,0,0,0,"{""202402"":{""nav_multiple_gate"":12},""202403"":{""nav_multiple_gate"":19},""202404"":{""nav_multiple_gate"":10},""202405"":{""nav_multiple_gate"":18},""202407"":{""nav_multiple_gate"":11},""202408"":{""free_cash_insufficient"":2},""202409"":{""free_cash_insufficient"":5},""202410"":{""limit_price"":1,""free_cash_insufficient"":12},""202412"":{""free_cash_insufficient"":8},""202502"":{""free_cash_insufficient"":15},""202503"":{""free_cash_insufficient"":1},""202505"":{""free_cash_insufficient"":17},""202506"":{""free_cash_insufficient"":3},""202507"":{""free_cash_insufficient"":15},""202508"":{""free_cash_insufficient"":1}}",1,1,24,1014.4622299999996,-0.1760390442238848,1,"510050,510300,510500",False
CO-0455,ending,2024-10,0.0823529411764705,391409.15224000014,827295.6591500002,13952.79999999998,-77750.99999999988,168432.0,98057.19587628866,0.508908526913518,7,70,0,1,0,0,0,"{""202402"":{""nav_multiple_gate"":12},""202403"":{""nav_multiple_gate"":19},""202404"":{""nav_multiple_gate"":10},""202405"":{""nav_multiple_gate"":18},""202407"":{""nav_multiple_gate"":11},""202408"":{""free_cash_insufficient"":2},""202409"":{""free_cash_insufficient"":5},""202410"":{""limit_price"":1}}",0,0,6,416.7408500000001,-0.1594803257618132,0,"510050,510300,510500",False
CO-0456,beginning,2024-10,0.037037037037037,405821.78546000016,853817.8696900002,19054.19999999998,-57050.99999999988,168432.0,98112.8412371134,0.5027226338219016,0,77,0,1,0,0,0,"{""202402"":{""nav_multiple_gate"":12},""202403"":{""nav_multiple_gate"":19},""202404"":{""nav_multiple_gate"":10},""202405"":{""nav_multiple_gate"":18},""202407"":{""nav_multiple_gate"":11},""202408"":{""nav_multiple_gate"":2},""202409"":{""nav_multiple_gate"":5},""202410"":{""limit_price"":1}}",0,0,2,436.83031,-0.1537804066578854,0,"510050,510300,510500",False
CO-0456,ending,2024-10,0.037037037037037,399584.1860800001,837689.84744,17880.699999999986,-57050.99999999988,168432.0,98112.8412371134,0.5137815878666451,0,77,0,1,0,0,0,"{""202402"":{""nav_multiple_gate"":12},""202403"":{""nav_multiple_gate"":19},""202404"":{""nav_multiple_gate"":10},""202405"":{""nav_multiple_gate"":18},""202407"":{""nav_multiple_gate"":11},""202408"":{""nav_multiple_gate"":2},""202409"":{""nav_multiple_gate"":5},""202410"":{""limit_price"":1}}",0,0,2,392.25256,-0.1551551153742789,0,"510050,510300,510500",False
CO-0457,beginning,2024-10,0.037037037037037,405821.78546000016,853817.8696900002,19054.19999999998,-57050.99999999988,168432.0,98112.8412371134,0.5027226338219016,0,77,0,1,0,0,0,"{""202402"":{""nav_multiple_gate"":12},""202403"":{""nav_multiple_gate"":19},""202404"":{""nav_multiple_gate"":10},""202405"":{""nav_multiple_gate"":18},""202407"":{""nav_multiple_gate"":11},""202408"":{""nav_multiple_gate"":2},""202409"":{""nav_multiple_gate"":5},""202410"":{""limit_price"":1}}",0,0,2,436.83031,-0.1537804066578854,0,"510050,510300,510500",False
CO-0457,ending,2024-10,0.037037037037037,399584.1860800001,837689.84744,17880.699999999986,-57050.99999999988,168432.0,98112.8412371134,0.5137815878666451,0,77,0,1,0,0,0,"{""202402"":{""nav_multiple_gate"":12},""202403"":{""nav_multiple_gate"":19},""202404"":{""nav_multiple_gate"":10},""202405"":{""nav_multiple_gate"":18},""202407"":{""nav_multiple_gate"":11},""202408"":{""nav_multiple_gate"":2},""202409"":{""nav_multiple_gate"":5},""202410"":{""limit_price"":1}}",0,0,2,392.25256,-0.1551551153742789,0,"510050,510300,510500",False
CO-0458,beginning,2024-10,0.037037037037037,405821.78546000016,853817.8696900002,19054.19999999998,-57050.99999999988,168432.0,98112.8412371134,0.5027226338219016,0,77,0,1,0,0,0,"{""202402"":{""nav_multiple_gate"":12},""202403"":{""nav_multiple_gate"":19},""202404"":{""nav_multiple_gate"":10},""202405"":{""nav_multiple_gate"":18},""202407"":{""nav_multiple_gate"":11},""202408"":{""nav_multiple_gate"":2},""202409"":{""nav_multiple_gate"":5},""202410"":{""limit_price"":1}}",0,0,2,436.83031,-0.1537804066578854,0,"510050,510300,510500",False
CO-0458,ending,2024-10,0.037037037037037,399584.1860800001,837689.84744,17880.699999999986,-57050.99999999988,168432.0,98112.8412371134,0.5137815878666451,0,77,0,1,0,0,0,"{""202402"":{""nav_multiple_gate"":12},""202403"":{""nav_multiple_gate"":19},""202404"":{""nav_multiple_gate"":10},""202405"":{""nav_multiple_gate"":18},""202407"":{""nav_multiple_gate"":11},""202408"":{""nav_multiple_gate"":2},""202409"":{""nav_multiple_gate"":5},""202410"":{""limit_price"":1}}",0,0,2,392.25256,-0.1551551153742789,0,"510050,510300,510500",False
CO-0459,beginning,2024-10,0.037037037037037,405821.78546000016,853817.8696900002,19054.19999999998,-57050.99999999988,168432.0,98112.8412371134,0.5027226338219016,0,77,0,1,0,0,0,"{""202402"":{""nav_multiple_gate"":12},""202403"":{""nav_multiple_gate"":19},""202404"":{""nav_multiple_gate"":10},""202405"":{""nav_multiple_gate"":18},""202407"":{""nav_multiple_gate"":11},""202408"":{""nav_multiple_gate"":2},""202409"":{""nav_multiple_gate"":5},""202410"":{""limit_price"":1}}",0,0,2,436.83031,-0.1537804066578854,0,"510050,510300,510500",False
CO-0459,ending,2024-10,0.037037037037037,399584.1860800001,837689.84744,17880.699999999986,-57050.99999999988,168432.0,98112.8412371134,0.5137815878666451,0,77,0,1,0,0,0,"{""202402"":{""nav_multiple_gate"":12},""202403"":{""nav_multiple_gate"":19},""202404"":{""nav_multiple_gate"":10},""202405"":{""nav_multiple_gate"":18},""202407"":{""nav_multiple_gate"":11},""202408"":{""nav_multiple_gate"":2},""202409"":{""nav_multiple_gate"":5},""202410"":{""limit_price"":1}}",0,0,2,392.25256,-0.1551551153742789,0,"510050,510300,510500",False
CO-0460,beginning,2024-10,0.0602409638554216,405789.78546000016,853785.8696900002,19054.19999999998,-61850.99999999988,168432.0,98078.17731958764,0.4913156338801444,0,77,0,1,0,0,0,"{""202402"":{""nav_multiple_gate"":12},""202403"":{""nav_multiple_gate"":19},""202404"":{""nav_multiple_gate"":10},""202405"":{""nav_multiple_gate"":18},""202407"":{""nav_multiple_gate"":11},""202408"":{""nav_multiple_gate"":2},""202409"":{""nav_multiple_gate"":5},""202410"":{""limit_price"":1}}",0,0,4,468.83031,-0.1538639361507486,0,"510050,510300,510500",False
CO-0460,ending,2024-10,0.0602409638554216,399552.1860800001,837657.84744,17880.699999999986,-61850.99999999988,168432.0,98078.17731958764,0.5020207881993604,0,77,0,1,0,0,0,"{""202402"":{""nav_multiple_gate"":12},""202403"":{""nav_multiple_gate"":19},""202404"":{""nav_multiple_gate"":10},""202405"":{""nav_multiple_gate"":18},""202407"":{""nav_multiple_gate"":11},""202408"":{""nav_multiple_gate"":2},""202409"":{""nav_multiple_gate"":5},""202410"":{""limit_price"":1}}",0,0,4,424.2525600000001,-0.1552404650904995,0,"510050,510300,510500",False
CO-0461,beginning,2024-10,0.0602409638554216,405789.78546000016,853785.8696900002,19054.19999999998,-61850.99999999988,168432.0,98078.17731958764,0.4913156338801444,0,77,0,1,0,0,0,"{""202402"":{""nav_multiple_gate"":12},""202403"":{""nav_multiple_gate"":19},""202404"":{""nav_multiple_gate"":10},""202405"":{""nav_multiple_gate"":18},""202407"":{""nav_multiple_gate"":11},""202408"":{""nav_multiple_gate"":2},""202409"":{""nav_multiple_gate"":5},""202410"":{""limit_price"":1}}",0,0,4,468.83031,-0.1538639361507486,0,"510050,510300,510500",False
CO-0461,ending,2024-10,0.0602409638554216,399552.1860800001,837657.84744,17880.699999999986,-61850.99999999988,168432.0,98078.17731958764,0.5020207881993604,0,77,0,1,0,0,0,"{""202402"":{""nav_multiple_gate"":12},""202403"":{""nav_multiple_gate"":19},""202404"":{""nav_multiple_gate"":10},""202405"":{""nav_multiple_gate"":18},""202407"":{""nav_multiple_gate"":11},""202408"":{""nav_multiple_gate"":2},""202409"":{""nav_multiple_gate"":5},""202410"":{""limit_price"":1}}",0,0,4,424.2525600000001,-0.1552404650904995,0,"510050,510300,510500",False
CO-0462,beginning,2024-10,0.0602409638554216,405789.78546000016,853785.8696900002,19054.19999999998,-61850.99999999988,168432.0,98078.17731958764,0.4913156338801444,0,77,0,1,0,0,0,"{""202402"":{""nav_multiple_gate"":12},""202403"":{""nav_multiple_gate"":19},""202404"":{""nav_multiple_gate"":10},""202405"":{""nav_multiple_gate"":18},""202407"":{""nav_multiple_gate"":11},""202408"":{""nav_multiple_gate"":2},""202409"":{""nav_multiple_gate"":5},""202410"":{""limit_price"":1}}",0,0,4,468.83031,-0.1538639361507486,0,"510050,510300,510500",False
CO-0462,ending,2024-10,0.0602409638554216,399552.1860800001,837657.84744,17880.699999999986,-61850.99999999988,168432.0,98078.17731958764,0.5020207881993604,0,77,0,1,0,0,0,"{""202402"":{""nav_multiple_gate"":12},""202403"":{""nav_multiple_gate"":19},""202404"":{""nav_multiple_gate"":10},""202405"":{""nav_multiple_gate"":18},""202407"":{""nav_multiple_gate"":11},""202408"":{""nav_multiple_gate"":2},""202409"":{""nav_multiple_gate"":5},""202410"":{""limit_price"":1}}",0,0,4,424.2525600000001,-0.1552404650904995,0,"510050,510300,510500",False
CO-0463,beginning,2024-10,0.0602409638554216,405789.78546000016,853785.8696900002,19054.19999999998,-61850.99999999988,168432.0,98078.17731958764,0.4913156338801444,0,77,0,1,0,0,0,"{""202402"":{""nav_multiple_gate"":12},""202403"":{""nav_multiple_gate"":19},""202404"":{""nav_multiple_gate"":10},""202405"":{""nav_multiple_gate"":18},""202407"":{""nav_multiple_gate"":11},""202408"":{""nav_multiple_gate"":2},""202409"":{""nav_multiple_gate"":5},""202410"":{""limit_price"":1}}",0,0,4,468.83031,-0.1538639361507486,0,"510050,510300,510500",False
CO-0463,ending,2024-10,0.0602409638554216,399552.1860800001,837657.84744,17880.699999999986,-61850.99999999988,168432.0,98078.17731958764,0.5020207881993604,0,77,0,1,0,0,0,"{""202402"":{""nav_multiple_gate"":12},""202403"":{""nav_multiple_gate"":19},""202404"":{""nav_multiple_gate"":10},""202405"":{""nav_multiple_gate"":18},""202407"":{""nav_multiple_gate"":11},""202408"":{""nav_multiple_gate"":2},""202409"":{""nav_multiple_gate"":5},""202410"":{""limit_price"":1}}",0,0,4,424.2525600000001,-0.1552404650904995,0,"510050,510300,510500",False
CO-0464,beginning,2024-10,0.0823529411764705,405757.78546000016,853744.9625400002,19054.79999999998,-77750.99999999988,168432.0,98057.19587628866,0.483781963407125,0,77,0,1,0,0,0,"{""202402"":{""nav_multiple_gate"":12},""202403"":{""nav_multiple_gate"":19},""202404"":{""nav_multiple_gate"":10},""202405"":{""nav_multiple_gate"":18},""202407"":{""nav_multiple_gate"":11},""202408"":{""nav_multiple_gate"":2},""202409"":{""nav_multiple_gate"":5},""202410"":{""limit_price"":1}}",0,0,6,500.73746,-0.1539474656436118,0,"510050,510300,510500",False
CO-0464,ending,2024-10,0.0823529411764705,399514.68443000014,837569.8582200002,17871.199999999986,-77750.99999999988,168432.0,98057.19587628866,0.4951308865904446,0,77,0,1,0,0,0,"{""202402"":{""nav_multiple_gate"":12},""202403"":{""nav_multiple_gate"":19},""202404"":{""nav_multiple_gate"":10},""202405"":{""nav_multiple_gate"":18},""202407"":{""nav_multiple_gate"":11},""202408"":{""nav_multiple_gate"":2},""202409"":{""nav_multiple_gate"":5},""202410"":{""limit_price"":1}}",0,0,6,456.0417800000001,-0.1553258148067199,0,"510050,510300,510500",False
CO-0465,beginning,2024-10,0.0823529411764705,405757.78546000016,853744.9625400002,19054.79999999998,-77750.99999999988,168432.0,98057.19587628866,0.483781963407125,0,77,0,1,0,0,0,"{""202402"":{""nav_multiple_gate"":12},""202403"":{""nav_multiple_gate"":19},""202404"":{""nav_multiple_gate"":10},""202405"":{""nav_multiple_gate"":18},""202407"":{""nav_multiple_gate"":11},""202408"":{""nav_multiple_gate"":2},""202409"":{""nav_multiple_gate"":5},""202410"":{""limit_price"":1}}",0,0,6,500.73746,-0.1539474656436118,0,"510050,510300,510500",False
CO-0465,ending,2024-10,0.0823529411764705,399514.68443000014,837569.8582200002,17871.199999999986,-77750.99999999988,168432.0,98057.19587628866,0.4951308865904446,0,77,0,1,0,0,0,"{""202402"":{""nav_multiple_gate"":12},""202403"":{""nav_multiple_gate"":19},""202404"":{""nav_multiple_gate"":10},""202405"":{""nav_multiple_gate"":18},""202407"":{""nav_multiple_gate"":11},""202408"":{""nav_multiple_gate"":2},""202409"":{""nav_multiple_gate"":5},""202410"":{""limit_price"":1}}",0,0,6,456.0417800000001,-0.1553258148067199,0,"510050,510300,510500",False
CO-0466,beginning,2024-10,0.0823529411764705,405757.78546000016,853744.9625400002,19054.79999999998,-77750.99999999988,168432.0,98057.19587628866,0.483781963407125,0,77,0,1,0,0,0,"{""202402"":{""nav_multiple_gate"":12},""202403"":{""nav_multiple_gate"":19},""202404"":{""nav_multiple_gate"":10},""202405"":{""nav_multiple_gate"":18},""202407"":{""nav_multiple_gate"":11},""202408"":{""nav_multiple_gate"":2},""202409"":{""nav_multiple_gate"":5},""202410"":{""limit_price"":1}}",0,0,6,500.73746,-0.1539474656436118,0,"510050,510300,510500",False
CO-0466,ending,2024-10,0.0823529411764705,399514.68443000014,837569.8582200002,17871.199999999986,-77750.99999999988,168432.0,98057.19587628866,0.4951308865904446,0,77,0,1,0,0,0,"{""202402"":{""nav_multiple_gate"":12},""202403"":{""nav_multiple_gate"":19},""202404"":{""nav_multiple_gate"":10},""202405"":{""nav_multiple_gate"":18},""202407"":{""nav_multiple_gate"":11},""202408"":{""nav_multiple_gate"":2},""202409"":{""nav_multiple_gate"":5},""202410"":{""limit_price"":1}}",0,0,6,456.0417800000001,-0.1553258148067199,0,"510050,510300,510500",False
CO-0467,beginning,2024-10,0.0823529411764705,405757.78546000016,853744.9625400002,19054.79999999998,-77750.99999999988,168432.0,98057.19587628866,0.483781963407125,0,77,0,1,0,0,0,"{""202402"":{""nav_multiple_gate"":12},""202403"":{""nav_multiple_gate"":19},""202404"":{""nav_multiple_gate"":10},""202405"":{""nav_multiple_gate"":18},""202407"":{""nav_multiple_gate"":11},""202408"":{""nav_multiple_gate"":2},""202409"":{""nav_multiple_gate"":5},""202410"":{""limit_price"":1}}",0,0,6,500.73746,-0.1539474656436118,0,"510050,510300,510500",False
CO-0467,ending,2024-10,0.0823529411764705,399514.68443000014,837569.8582200002,17871.199999999986,-77750.99999999988,168432.0,98057.19587628866,0.4951308865904446,0,77,0,1,0,0,0,"{""202402"":{""nav_multiple_gate"":12},""202403"":{""nav_multiple_gate"":19},""202404"":{""nav_multiple_gate"":10},""202405"":{""nav_multiple_gate"":18},""202407"":{""nav_multiple_gate"":11},""202408"":{""nav_multiple_gate"":2},""202409"":{""nav_multiple_gate"":5},""202410"":{""limit_price"":1}}",0,0,6,456.0417800000001,-0.1553258148067199,0,"510050,510300,510500",False
CO-0468,beginning,2024-06,0.078125,423599.39185,875181.0009600001,13083.39999999998,-51992.99999999984,168432.0,101218.14432989692,0.8515865814420366,20,38,0,1,0,0,0,"{""202404"":{""nav_multiple_gate"":18},""202405"":{""nav_multiple_gate"":20},""202407"":{""free_cash_insufficient"":5},""202409"":{""free_cash_insufficient"":4},""202410"":{""limit_price"":1,""free_cash_insufficient"":11}}",0,0,4,428.9990399999999,-0.1637849027049956,0,"510050,510300,510500",False
CO-0468,ending,2024-06,0.0754716981132075,381680.1838900001,814721.65249,12832.999999999982,-70550.99999999988,168432.0,101455.02680412371,0.8677113897235016,9,39,0,1,0,0,0,"{""202404"":{""nav_multiple_gate"":18},""202405"":{""nav_multiple_gate"":20},""202406"":{""nav_multiple_gate"":1},""202407"":{""free_cash_insufficient"":5},""202409"":{""free_cash_insufficient"":4},""202410"":{""limit_price"":1}}",0,0,3,374.14751,-0.1642356733694214,0,"510050,510300,510500",False
CO-0469,beginning,2024-06,0.078125,423599.39185,875181.0009600001,13083.39999999998,-51992.99999999984,168432.0,101218.14432989692,0.8515865814420366,20,38,0,1,0,0,0,"{""202404"":{""nav_multiple_gate"":18},""202405"":{""nav_multiple_gate"":20},""202407"":{""free_cash_insufficient"":5},""202409"":{""free_cash_insufficient"":4},""202410"":{""limit_price"":1,""free_cash_insufficient"":11}}",0,0,4,428.9990399999999,-0.1637849027049956,0,"510050,510300,510500",False
CO-0469,ending,2024-06,0.0754716981132075,381680.1838900001,814721.65249,12832.999999999982,-70550.99999999988,168432.0,101455.02680412371,0.8677113897235016,9,39,0,1,0,0,0,"{""202404"":{""nav_multiple_gate"":18},""202405"":{""nav_multiple_gate"":20},""202406"":{""nav_multiple_gate"":1},""202407"":{""free_cash_insufficient"":5},""202409"":{""free_cash_insufficient"":4},""202410"":{""limit_price"":1}}",0,0,3,374.14751,-0.1642356733694214,0,"510050,510300,510500",False
CO-0470,beginning,2024-06,0.078125,423599.39185,875181.0009600001,13083.39999999998,-51992.99999999984,168432.0,101218.14432989692,0.8515865814420366,20,38,0,1,0,0,0,"{""202404"":{""nav_multiple_gate"":18},""202405"":{""nav_multiple_gate"":20},""202407"":{""free_cash_insufficient"":5},""202409"":{""free_cash_insufficient"":4},""202410"":{""limit_price"":1,""free_cash_insufficient"":11}}",0,0,4,428.9990399999999,-0.1637849027049956,0,"510050,510300,510500",False
CO-0470,ending,2024-06,0.0754716981132075,381680.1838900001,814721.65249,12832.999999999982,-70550.99999999988,168432.0,101455.02680412371,0.8677113897235016,9,39,0,1,0,0,0,"{""202404"":{""nav_multiple_gate"":18},""202405"":{""nav_multiple_gate"":20},""202406"":{""nav_multiple_gate"":1},""202407"":{""free_cash_insufficient"":5},""202409"":{""free_cash_insufficient"":4},""202410"":{""limit_price"":1}}",0,0,3,374.14751,-0.1642356733694214,0,"510050,510300,510500",False
CO-0471,beginning,2024-06,0.078125,423599.39185,875181.0009600001,13083.39999999998,-51992.99999999984,168432.0,101218.14432989692,0.8515865814420366,20,38,0,1,0,0,0,"{""202404"":{""nav_multiple_gate"":18},""202405"":{""nav_multiple_gate"":20},""202407"":{""free_cash_insufficient"":5},""202409"":{""free_cash_insufficient"":4},""202410"":{""limit_price"":1,""free_cash_insufficient"":11}}",0,0,4,428.9990399999999,-0.1637849027049956,0,"510050,510300,510500",False
CO-0471,ending,2024-06,0.0754716981132075,381680.1838900001,814721.65249,12832.999999999982,-70550.99999999988,168432.0,101455.02680412371,0.8677113897235016,9,39,0,1,0,0,0,"{""202404"":{""nav_multiple_gate"":18},""202405"":{""nav_multiple_gate"":20},""202406"":{""nav_multiple_gate"":1},""202407"":{""free_cash_insufficient"":5},""202409"":{""free_cash_insufficient"":4},""202410"":{""limit_price"":1}}",0,0,3,374.14751,-0.1642356733694214,0,"510050,510300,510500",False
CO-0472,beginning,2024-06,0.1176470588235294,409255.35488,856805.08707,13073.599999999977,-54213.000000000015,168432.0,100272.9649484536,0.8515865814420366,21,38,0,1,0,0,0,"{""202404"":{""nav_multiple_gate"":18},""202405"":{""nav_multiple_gate"":20},""202407"":{""free_cash_insufficient"":5},""202409"":{""free_cash_insufficient"":4},""202410"":{""limit_price"":1,""free_cash_insufficient"":12}}",0,0,7,472.51293,-0.187016624460735,0,"510050,510300,510500",False
CO-0472,ending,2024-06,0.109090909090909,379700.9172100001,812299.5021900001,12809.599999999982,-76790.99999999994,168432.0,100812.69278350516,0.8677113897235016,9,39,0,1,0,0,0,"{""202404"":{""nav_multiple_gate"":18},""202405"":{""nav_multiple_gate"":20},""202406"":{""nav_multiple_gate"":1},""202407"":{""free_cash_insufficient"":5},""202409"":{""free_cash_insufficient"":4},""202410"":{""limit_price"":1}}",0,0,5,405.69781000000006,-0.1652367760752355,0,"510050,510300,510500",False
CO-0473,beginning,2024-06,0.1176470588235294,409255.35488,856805.08707,13073.599999999977,-54213.000000000015,168432.0,100272.9649484536,0.8515865814420366,21,38,0,1,0,0,0,"{""202404"":{""nav_multiple_gate"":18},""202405"":{""nav_multiple_gate"":20},""202407"":{""free_cash_insufficient"":5},""202409"":{""free_cash_insufficient"":4},""202410"":{""limit_price"":1,""free_cash_insufficient"":12}}",0,0,7,472.51293,-0.187016624460735,0,"510050,510300,510500",False
CO-0473,ending,2024-06,0.109090909090909,379700.9172100001,812299.5021900001,12809.599999999982,-76790.99999999994,168432.0,100812.69278350516,0.8677113897235016,9,39,0,1,0,0,0,"{""202404"":{""nav_multiple_gate"":18},""202405"":{""nav_multiple_gate"":20},""202406"":{""nav_multiple_gate"":1},""202407"":{""free_cash_insufficient"":5},""202409"":{""free_cash_insufficient"":4},""202410"":{""limit_price"":1}}",0,0,5,405.69781000000006,-0.1652367760752355,0,"510050,510300,510500",False
CO-0474,beginning,2024-06,0.1176470588235294,409255.35488,856805.08707,13073.599999999977,-54213.000000000015,168432.0,100272.9649484536,0.8515865814420366,21,38,0,1,0,0,0,"{""202404"":{""nav_multiple_gate"":18},""202405"":{""nav_multiple_gate"":20},""202407"":{""free_cash_insufficient"":5},""202409"":{""free_cash_insufficient"":4},""202410"":{""limit_price"":1,""free_cash_insufficient"":12}}",0,0,7,472.51293,-0.187016624460735,0,"510050,510300,510500",False
CO-0474,ending,2024-06,0.109090909090909,379700.9172100001,812299.5021900001,12809.599999999982,-76790.99999999994,168432.0,100812.69278350516,0.8677113897235016,9,39,0,1,0,0,0,"{""202404"":{""nav_multiple_gate"":18},""202405"":{""nav_multiple_gate"":20},""202406"":{""nav_multiple_gate"":1},""202407"":{""free_cash_insufficient"":5},""202409"":{""free_cash_insufficient"":4},""202410"":{""limit_price"":1}}",0,0,5,405.69781000000006,-0.1652367760752355,0,"510050,510300,510500",False
CO-0475,beginning,2024-06,0.1176470588235294,409255.35488,856805.08707,13073.599999999977,-54213.000000000015,168432.0,100272.9649484536,0.8515865814420366,21,38,0,1,0,0,0,"{""202404"":{""nav_multiple_gate"":18},""202405"":{""nav_multiple_gate"":20},""202407"":{""free_cash_insufficient"":5},""202409"":{""free_cash_insufficient"":4},""202410"":{""limit_price"":1,""free_cash_insufficient"":12}}",0,0,7,472.51293,-0.187016624460735,0,"510050,510300,510500",False
CO-0475,ending,2024-06,0.109090909090909,379700.9172100001,812299.5021900001,12809.599999999982,-76790.99999999994,168432.0,100812.69278350516,0.8677113897235016,9,39,0,1,0,0,0,"{""202404"":{""nav_multiple_gate"":18},""202405"":{""nav_multiple_gate"":20},""202406"":{""nav_multiple_gate"":1},""202407"":{""free_cash_insufficient"":5},""202409"":{""free_cash_insufficient"":4},""202410"":{""limit_price"":1}}",0,0,5,405.69781000000006,-0.1652367760752355,0,"510050,510300,510500",False
CO-0476,beginning,2024-06,0.1666666666666666,407491.82114,854522.04937,13038.29999999998,-84272.99999999996,170388.0,99683.92577319588,0.8515865814420366,21,38,0,1,0,0,0,"{""202404"":{""nav_multiple_gate"":18},""202405"":{""nav_multiple_gate"":20},""202407"":{""free_cash_insufficient"":5},""202409"":{""free_cash_insufficient"":4},""202410"":{""limit_price"":1,""free_cash_insufficient"":12}}",0,0,11,535.7506299999999,-0.1875587864387621,0,"510050,510300,510500",False
CO-0476,ending,2024-06,0.1403508771929824,377957.07813,810072.06544,12780.699999999986,-88850.99999999988,168432.0,100184.0412371134,0.8677113897235016,9,39,0,1,0,0,0,"{""202404"":{""nav_multiple_gate"":18},""202405"":{""nav_multiple_gate"":20},""202406"":{""nav_multiple_gate"":1},""202407"":{""free_cash_insufficient"":5},""202409"":{""free_cash_insufficient"":4},""202410"":{""limit_price"":1}}",0,0,7,436.83456,-0.1661382887985049,0,"510050,510300,510500",False
CO-0477,beginning,2024-06,0.1666666666666666,407491.82114,854522.04937,13038.29999999998,-84272.99999999996,170388.0,99683.92577319588,0.8515865814420366,21,38,0,1,0,0,0,"{""202404"":{""nav_multiple_gate"":18},""202405"":{""nav_multiple_gate"":20},""202407"":{""free_cash_insufficient"":5},""202409"":{""free_cash_insufficient"":4},""202410"":{""limit_price"":1,""free_cash_insufficient"":12}}",0,0,11,535.7506299999999,-0.1875587864387621,0,"510050,510300,510500",False
CO-0477,ending,2024-06,0.1403508771929824,377957.07813,810072.06544,12780.699999999986,-88850.99999999988,168432.0,100184.0412371134,0.8677113897235016,9,39,0,1,0,0,0,"{""202404"":{""nav_multiple_gate"":18},""202405"":{""nav_multiple_gate"":20},""202406"":{""nav_multiple_gate"":1},""202407"":{""free_cash_insufficient"":5},""202409"":{""free_cash_insufficient"":4},""202410"":{""limit_price"":1}}",0,0,7,436.83456,-0.1661382887985049,0,"510050,510300,510500",False
CO-0478,beginning,2024-06,0.1666666666666666,407491.82114,854522.04937,13038.29999999998,-84272.99999999996,170388.0,99683.92577319588,0.8515865814420366,21,38,0,1,0,0,0,"{""202404"":{""nav_multiple_gate"":18},""202405"":{""nav_multiple_gate"":20},""202407"":{""free_cash_insufficient"":5},""202409"":{""free_cash_insufficient"":4},""202410"":{""limit_price"":1,""free_cash_insufficient"":12}}",0,0,11,535.7506299999999,-0.1875587864387621,0,"510050,510300,510500",False
CO-0478,ending,2024-06,0.1403508771929824,377957.07813,810072.06544,12780.699999999986,-88850.99999999988,168432.0,100184.0412371134,0.8677113897235016,9,39,0,1,0,0,0,"{""202404"":{""nav_multiple_gate"":18},""202405"":{""nav_multiple_gate"":20},""202406"":{""nav_multiple_gate"":1},""202407"":{""free_cash_insufficient"":5},""202409"":{""free_cash_insufficient"":4},""202410"":{""limit_price"":1}}",0,0,7,436.83456,-0.1661382887985049,0,"510050,510300,510500",False
CO-0479,beginning,2024-06,0.1666666666666666,407491.82114,854522.04937,13038.29999999998,-84272.99999999996,170388.0,99683.92577319588,0.8515865814420366,21,38,0,1,0,0,0,"{""202404"":{""nav_multiple_gate"":18},""202405"":{""nav_multiple_gate"":20},""202407"":{""free_cash_insufficient"":5},""202409"":{""free_cash_insufficient"":4},""202410"":{""limit_price"":1,""free_cash_insufficient"":12}}",0,0,11,535.7506299999999,-0.1875587864387621,0,"510050,510300,510500",False
CO-0479,ending,2024-06,0.1403508771929824,377957.07813,810072.06544,12780.699999999986,-88850.99999999988,168432.0,100184.0412371134,0.8677113897235016,9,39,0,1,0,0,0,"{""202404"":{""nav_multiple_gate"":18},""202405"":{""nav_multiple_gate"":20},""202406"":{""nav_multiple_gate"":1},""202407"":{""free_cash_insufficient"":5},""202409"":{""free_cash_insufficient"":4},""202410"":{""limit_price"":1}}",0,0,7,436.83456,-0.1661382887985049,0,"510050,510300,510500",False
CO-0480,beginning,2024-10,0.0357142857142857,422741.5809500001,875397.3762,15584.89999999998,-56819.99999999989,168432.0,97782.63092783504,0.5056963050180007,10,43,0,1,0,0,0,"{""202404"":{""nav_multiple_gate"":18},""202405"":{""nav_multiple_gate"":20},""202406"":{""nav_multiple_gate"":5},""202407"":{""free_cash_insufficient"":5},""202409"":{""free_cash_insufficient"":4},""202410"":{""limit_price"":1,""free_cash_insufficient"":1}}",0,0,1,408.2238,-0.1491036785018522,0,"510050,510300,510500",False
CO-0480,ending,2024-10,0.0535714285714285,401238.4395100002,839760.7302800001,15691.59999999998,-57050.99999999988,168432.0,98112.8412371134,0.5141186029986305,8,44,0,1,0,0,0,"{""202404"":{""nav_multiple_gate"":18},""202405"":{""nav_multiple_gate"":20},""202406"":{""nav_multiple_gate"":5},""202407"":{""free_cash_insufficient"":4,""nav_multiple_gate"":1},""202409"":{""free_cash_insufficient"":4},""202410"":{""limit_price"":1}}",0,0,2,389.86972,-0.1551544890946129,0,"510050,510300,510500",False
CO-0481,beginning,2024-10,0.0357142857142857,422741.5809500001,875397.3762,15584.89999999998,-56819.99999999989,168432.0,97782.63092783504,0.5056963050180007,10,43,0,1,0,0,0,"{""202404"":{""nav_multiple_gate"":18},""202405"":{""nav_multiple_gate"":20},""202406"":{""nav_multiple_gate"":5},""202407"":{""free_cash_insufficient"":5},""202409"":{""free_cash_insufficient"":4},""202410"":{""limit_price"":1,""free_cash_insufficient"":1}}",0,0,1,408.2238,-0.1491036785018522,0,"510050,510300,510500",False
CO-0481,ending,2024-10,0.0535714285714285,401238.4395100002,839760.7302800001,15691.59999999998,-57050.99999999988,168432.0,98112.8412371134,0.5141186029986305,8,44,0,1,0,0,0,"{""202404"":{""nav_multiple_gate"":18},""202405"":{""nav_multiple_gate"":20},""202406"":{""nav_multiple_gate"":5},""202407"":{""free_cash_insufficient"":4,""nav_multiple_gate"":1},""202409"":{""free_cash_insufficient"":4},""202410"":{""limit_price"":1}}",0,0,2,389.86972,-0.1551544890946129,0,"510050,510300,510500",False
CO-0482,beginning,2024-10,0.0357142857142857,422741.5809500001,875397.3762,15584.89999999998,-56819.99999999989,168432.0,97782.63092783504,0.5056963050180007,10,43,0,1,0,0,0,"{""202404"":{""nav_multiple_gate"":18},""202405"":{""nav_multiple_gate"":20},""202406"":{""nav_multiple_gate"":5},""202407"":{""free_cash_insufficient"":5},""202409"":{""free_cash_insufficient"":4},""202410"":{""limit_price"":1,""free_cash_insufficient"":1}}",0,0,1,408.2238,-0.1491036785018522,0,"510050,510300,510500",False
CO-0482,ending,2024-10,0.0535714285714285,401238.4395100002,839760.7302800001,15691.59999999998,-57050.99999999988,168432.0,98112.8412371134,0.5141186029986305,8,44,0,1,0,0,0,"{""202404"":{""nav_multiple_gate"":18},""202405"":{""nav_multiple_gate"":20},""202406"":{""nav_multiple_gate"":5},""202407"":{""free_cash_insufficient"":4,""nav_multiple_gate"":1},""202409"":{""free_cash_insufficient"":4},""202410"":{""limit_price"":1}}",0,0,2,389.86972,-0.1551544890946129,0,"510050,510300,510500",False
CO-0483,beginning,2024-10,0.0357142857142857,422741.5809500001,875397.3762,15584.89999999998,-56819.99999999989,168432.0,97782.63092783504,0.5056963050180007,10,43,0,1,0,0,0,"{""202404"":{""nav_multiple_gate"":18},""202405"":{""nav_multiple_gate"":20},""202406"":{""nav_multiple_gate"":5},""202407"":{""free_cash_insufficient"":5},""202409"":{""free_cash_insufficient"":4},""202410"":{""limit_price"":1,""free_cash_insufficient"":1}}",0,0,1,408.2238,-0.1491036785018522,0,"510050,510300,510500",False
CO-0483,ending,2024-10,0.0535714285714285,401238.4395100002,839760.7302800001,15691.59999999998,-57050.99999999988,168432.0,98112.8412371134,0.5141186029986305,8,44,0,1,0,0,0,"{""202404"":{""nav_multiple_gate"":18},""202405"":{""nav_multiple_gate"":20},""202406"":{""nav_multiple_gate"":5},""202407"":{""free_cash_insufficient"":4,""nav_multiple_gate"":1},""202409"":{""free_cash_insufficient"":4},""202410"":{""limit_price"":1}}",0,0,2,389.86972,-0.1551544890946129,0,"510050,510300,510500",False
CO-0484,beginning,2024-10,0.0972222222222222,429336.91053000005,882439.6167,16270.499999999976,-40652.99999999993,168432.0,97240.30515463918,0.4926281132611913,21,43,0,1,0,0,0,"{""202404"":{""nav_multiple_gate"":18},""202405"":{""nav_multiple_gate"":20},""202406"":{""nav_multiple_gate"":5},""202407"":{""free_cash_insufficient"":5},""202409"":{""free_cash_insufficient"":4},""202410"":{""limit_price"":1,""free_cash_insufficient"":12}}",0,0,6,488.4832999999999,-0.1701803018087446,0,"510050,510300,510500",False
CO-0484,ending,2024-10,0.0862068965517241,401206.4395100002,839728.9303400002,15686.49999999998,-61850.99999999988,168432.0,98078.17731958764,0.5012221354213872,8,44,0,1,0,0,0,"{""202404"":{""nav_multiple_gate"":18},""202405"":{""nav_multiple_gate"":20},""202406"":{""nav_multiple_gate"":5},""202407"":{""free_cash_insufficient"":4,""nav_multiple_gate"":1},""202409"":{""free_cash_insufficient"":4},""202410"":{""limit_price"":1}}",0,0,4,421.86966,-0.1552394464811302,0,"510050,510300,510500",False
CO-0485,beginning,2024-10,0.0972222222222222,429336.91053000005,882439.6167,16270.499999999976,-40652.99999999993,168432.0,97240.30515463918,0.4926281132611913,21,43,0,1,0,0,0,"{""202404"":{""nav_multiple_gate"":18},""202405"":{""nav_multiple_gate"":20},""202406"":{""nav_multiple_gate"":5},""202407"":{""free_cash_insufficient"":5},""202409"":{""free_cash_insufficient"":4},""202410"":{""limit_price"":1,""free_cash_insufficient"":12}}",0,0,6,488.4832999999999,-0.1701803018087446,0,"510050,510300,510500",False
CO-0485,ending,2024-10,0.0862068965517241,401206.4395100002,839728.9303400002,15686.49999999998,-61850.99999999988,168432.0,98078.17731958764,0.5012221354213872,8,44,0,1,0,0,0,"{""202404"":{""nav_multiple_gate"":18},""202405"":{""nav_multiple_gate"":20},""202406"":{""nav_multiple_gate"":5},""202407"":{""free_cash_insufficient"":4,""nav_multiple_gate"":1},""202409"":{""free_cash_insufficient"":4},""202410"":{""limit_price"":1}}",0,0,4,421.86966,-0.1552394464811302,0,"510050,510300,510500",False
CO-0486,beginning,2024-10,0.0972222222222222,429336.91053000005,882439.6167,16270.499999999976,-40652.99999999993,168432.0,97240.30515463918,0.4926281132611913,21,43,0,1,0,0,0,"{""202404"":{""nav_multiple_gate"":18},""202405"":{""nav_multiple_gate"":20},""202406"":{""nav_multiple_gate"":5},""202407"":{""free_cash_insufficient"":5},""202409"":{""free_cash_insufficient"":4},""202410"":{""limit_price"":1,""free_cash_insufficient"":12}}",0,0,6,488.4832999999999,-0.1701803018087446,0,"510050,510300,510500",False
CO-0486,ending,2024-10,0.0862068965517241,401206.4395100002,839728.9303400002,15686.49999999998,-61850.99999999988,168432.0,98078.17731958764,0.5012221354213872,8,44,0,1,0,0,0,"{""202404"":{""nav_multiple_gate"":18},""202405"":{""nav_multiple_gate"":20},""202406"":{""nav_multiple_gate"":5},""202407"":{""free_cash_insufficient"":4,""nav_multiple_gate"":1},""202409"":{""free_cash_insufficient"":4},""202410"":{""limit_price"":1}}",0,0,4,421.86966,-0.1552394464811302,0,"510050,510300,510500",False
CO-0487,beginning,2024-10,0.0972222222222222,429336.91053000005,882439.6167,16270.499999999976,-40652.99999999993,168432.0,97240.30515463918,0.4926281132611913,21,43,0,1,0,0,0,"{""202404"":{""nav_multiple_gate"":18},""202405"":{""nav_multiple_gate"":20},""202406"":{""nav_multiple_gate"":5},""202407"":{""free_cash_insufficient"":5},""202409"":{""free_cash_insufficient"":4},""202410"":{""limit_price"":1,""free_cash_insufficient"":12}}",0,0,6,488.4832999999999,-0.1701803018087446,0,"510050,510300,510500",False
CO-0487,ending,2024-10,0.0862068965517241,401206.4395100002,839728.9303400002,15686.49999999998,-61850.99999999988,168432.0,98078.17731958764,0.5012221354213872,8,44,0,1,0,0,0,"{""202404"":{""nav_multiple_gate"":18},""202405"":{""nav_multiple_gate"":20},""202406"":{""nav_multiple_gate"":5},""202407"":{""free_cash_insufficient"":4,""nav_multiple_gate"":1},""202409"":{""free_cash_insufficient"":4},""202410"":{""limit_price"":1}}",0,0,4,421.86966,-0.1552394464811302,0,"510050,510300,510500",False
CO-0488,beginning,2024-10,0.1447368421052631,429272.91053000017,882353.4100400002,16271.999999999976,-74552.99999999993,170388.0,97257.79793814431,0.4634540014253239,21,43,0,1,0,0,0,"{""202404"":{""nav_multiple_gate"":18},""202405"":{""nav_multiple_gate"":20},""202406"":{""nav_multiple_gate"":5},""202407"":{""free_cash_insufficient"":5},""202409"":{""free_cash_insufficient"":4},""202410"":{""limit_price"":1,""free_cash_insufficient"":12}}",0,0,10,552.4899599999999,-0.1702620525688348,0,"510050,510300,510500",False
CO-0488,ending,2024-10,0.1166666666666666,401174.4395100002,839696.9303400002,15686.49999999998,-77750.99999999988,168432.0,98057.19587628866,0.4928540797371658,8,44,0,1,0,0,0,"{""202404"":{""nav_multiple_gate"":18},""202405"":{""nav_multiple_gate"":20},""202406"":{""nav_multiple_gate"":5},""202407"":{""free_cash_insufficient"":4,""nav_multiple_gate"":1},""202409"":{""free_cash_insufficient"":4},""202410"":{""limit_price"":1}}",0,0,6,453.86966,-0.1553244038676475,0,"510050,510300,510500",False
CO-0489,beginning,2024-10,0.1447368421052631,429272.91053000017,882353.4100400002,16271.999999999976,-74552.99999999993,170388.0,97257.79793814431,0.4634540014253239,21,43,0,1,0,0,0,"{""202404"":{""nav_multiple_gate"":18},""202405"":{""nav_multiple_gate"":20},""202406"":{""nav_multiple_gate"":5},""202407"":{""free_cash_insufficient"":5},""202409"":{""free_cash_insufficient"":4},""202410"":{""limit_price"":1,""free_cash_insufficient"":12}}",0,0,10,552.4899599999999,-0.1702620525688348,0,"510050,510300,510500",False
CO-0489,ending,2024-10,0.1166666666666666,401174.4395100002,839696.9303400002,15686.49999999998,-77750.99999999988,168432.0,98057.19587628866,0.4928540797371658,8,44,0,1,0,0,0,"{""202404"":{""nav_multiple_gate"":18},""202405"":{""nav_multiple_gate"":20},""202406"":{""nav_multiple_gate"":5},""202407"":{""free_cash_insufficient"":4,""nav_multiple_gate"":1},""202409"":{""free_cash_insufficient"":4},""202410"":{""limit_price"":1}}",0,0,6,453.86966,-0.1553244038676475,0,"510050,510300,510500",False
CO-0490,beginning,2024-10,0.1447368421052631,429272.91053000017,882353.4100400002,16271.999999999976,-74552.99999999993,170388.0,97257.79793814431,0.4634540014253239,21,43,0,1,0,0,0,"{""202404"":{""nav_multiple_gate"":18},""202405"":{""nav_multiple_gate"":20},""202406"":{""nav_multiple_gate"":5},""202407"":{""free_cash_insufficient"":5},""202409"":{""free_cash_insufficient"":4},""202410"":{""limit_price"":1,""free_cash_insufficient"":12}}",0,0,10,552.4899599999999,-0.1702620525688348,0,"510050,510300,510500",False
CO-0490,ending,2024-10,0.1166666666666666,401174.4395100002,839696.9303400002,15686.49999999998,-77750.99999999988,168432.0,98057.19587628866,0.4928540797371658,8,44,0,1,0,0,0,"{""202404"":{""nav_multiple_gate"":18},""202405"":{""nav_multiple_gate"":20},""202406"":{""nav_multiple_gate"":5},""202407"":{""free_cash_insufficient"":4,""nav_multiple_gate"":1},""202409"":{""free_cash_insufficient"":4},""202410"":{""limit_price"":1}}",0,0,6,453.86966,-0.1553244038676475,0,"510050,510300,510500",False
CO-0491,beginning,2024-10,0.1447368421052631,429272.91053000017,882353.4100400002,16271.999999999976,-74552.99999999993,170388.0,97257.79793814431,0.4634540014253239,21,43,0,1,0,0,0,"{""202404"":{""nav_multiple_gate"":18},""202405"":{""nav_multiple_gate"":20},""202406"":{""nav_multiple_gate"":5},""202407"":{""free_cash_insufficient"":5},""202409"":{""free_cash_insufficient"":4},""202410"":{""limit_price"":1,""free_cash_insufficient"":12}}",0,0,10,552.4899599999999,-0.1702620525688348,0,"510050,510300,510500",False
CO-0491,ending,2024-10,0.1166666666666666,401174.4395100002,839696.9303400002,15686.49999999998,-77750.99999999988,168432.0,98057.19587628866,0.4928540797371658,8,44,0,1,0,0,0,"{""202404"":{""nav_multiple_gate"":18},""202405"":{""nav_multiple_gate"":20},""202406"":{""nav_multiple_gate"":5},""202407"":{""free_cash_insufficient"":4,""nav_multiple_gate"":1},""202409"":{""free_cash_insufficient"":4},""202410"":{""limit_price"":1}}",0,0,6,453.86966,-0.1553244038676475,0,"510050,510300,510500",False
