spec_id,family,deposit_timing,W12,W24,max_drawdown,infeasible_rate,attempts,costs,margin_calls,asset_identity_failures,evidence_tier,sample_size_gate,dual_target_pass
F3_vol_drawdown_hedge-000,F3_vol_drawdown_hedge,beginning,519523.99999999994,849524.0,-0.34992689698224166,0.9242424242424242,66,52.0,0,0,free_real_approx_daily_open_no_quotes,False,False
F3_vol_drawdown_hedge-000,F3_vol_drawdown_hedge,ending,519523.99999999994,849524.0,-0.3162286385706633,0.9242424242424242,66,52.0,0,0,free_real_approx_daily_open_no_quotes,False,False
F3_vol_drawdown_hedge-001,F3_vol_drawdown_hedge,beginning,519523.99999999994,849524.0,-0.34992689698224166,0.9242424242424242,66,52.0,0,0,free_real_approx_daily_open_no_quotes,False,False
F3_vol_drawdown_hedge-001,F3_vol_drawdown_hedge,ending,519523.99999999994,849524.0,-0.3162286385706633,0.9242424242424242,66,52.0,0,0,free_real_approx_daily_open_no_quotes,False,False
F3_vol_drawdown_hedge-002,F3_vol_drawdown_hedge,beginning,519523.99999999994,849524.0,-0.34992689698224166,0.9242424242424242,66,52.0,0,0,free_real_approx_daily_open_no_quotes,False,False
F3_vol_drawdown_hedge-002,F3_vol_drawdown_hedge,ending,519523.99999999994,849524.0,-0.3162286385706633,0.9242424242424242,66,52.0,0,0,free_real_approx_daily_open_no_quotes,False,False
F3_vol_drawdown_hedge-003,F3_vol_drawdown_hedge,beginning,519523.99999999994,849524.0,-0.34992689698224166,0.9242424242424242,66,52.0,0,0,free_real_approx_daily_open_no_quotes,False,False
F3_vol_drawdown_hedge-003,F3_vol_drawdown_hedge,ending,519523.99999999994,849524.0,-0.3162286385706633,0.9242424242424242,66,52.0,0,0,free_real_approx_daily_open_no_quotes,False,False
F3_vol_drawdown_hedge-004,F3_vol_drawdown_hedge,beginning,522785.99999999977,852785.9999999998,-0.27853102645150574,0.953125,64,30.0,0,0,free_real_approx_daily_open_no_quotes,False,False
F3_vol_drawdown_hedge-004,F3_vol_drawdown_hedge,ending,522785.99999999977,852785.9999999998,-0.2371475224277838,0.953125,64,30.0,0,0,free_real_approx_daily_open_no_quotes,False,False
F3_vol_drawdown_hedge-005,F3_vol_drawdown_hedge,beginning,522785.99999999977,852785.9999999998,-0.27853102645150574,0.953125,64,30.0,0,0,free_real_approx_daily_open_no_quotes,False,False
F3_vol_drawdown_hedge-005,F3_vol_drawdown_hedge,ending,522785.99999999977,852785.9999999998,-0.2371475224277838,0.953125,64,30.0,0,0,free_real_approx_daily_open_no_quotes,False,False
F3_vol_drawdown_hedge-006,F3_vol_drawdown_hedge,beginning,522785.99999999977,852785.9999999998,-0.27853102645150574,0.953125,64,30.0,0,0,free_real_approx_daily_open_no_quotes,False,False
F3_vol_drawdown_hedge-006,F3_vol_drawdown_hedge,ending,522785.99999999977,852785.9999999998,-0.2371475224277838,0.953125,64,30.0,0,0,free_real_approx_daily_open_no_quotes,False,False
F3_vol_drawdown_hedge-007,F3_vol_drawdown_hedge,beginning,522785.99999999977,852785.9999999998,-0.27853102645150574,0.953125,64,30.0,0,0,free_real_approx_daily_open_no_quotes,False,False
F3_vol_drawdown_hedge-007,F3_vol_drawdown_hedge,ending,522785.99999999977,852785.9999999998,-0.2371475224277838,0.953125,64,30.0,0,0,free_real_approx_daily_open_no_quotes,False,False
F3_vol_drawdown_hedge-008,F3_vol_drawdown_hedge,beginning,358406.9999999999,704550.0,-0.09293903272340764,0.9405940594059405,101,63.0,0,0,free_real_approx_daily_open_no_quotes,False,False
F3_vol_drawdown_hedge-008,F3_vol_drawdown_hedge,ending,344558.0,690701.0000000001,-0.13423170837256515,0.9504950495049505,101,52.0,0,0,free_real_approx_daily_open_no_quotes,False,False
F3_vol_drawdown_hedge-009,F3_vol_drawdown_hedge,beginning,358406.9999999999,704550.0,-0.09293903272340764,0.9405940594059405,101,63.0,0,0,free_real_approx_daily_open_no_quotes,False,False
F3_vol_drawdown_hedge-009,F3_vol_drawdown_hedge,ending,344558.0,690701.0000000001,-0.13423170837256515,0.9504950495049505,101,52.0,0,0,free_real_approx_daily_open_no_quotes,False,False
F3_vol_drawdown_hedge-010,F3_vol_drawdown_hedge,beginning,358406.9999999999,704550.0,-0.09293903272340764,0.9405940594059405,101,63.0,0,0,free_real_approx_daily_open_no_quotes,False,False
F3_vol_drawdown_hedge-010,F3_vol_drawdown_hedge,ending,344558.0,690701.0000000001,-0.13423170837256515,0.9504950495049505,101,52.0,0,0,free_real_approx_daily_open_no_quotes,False,False
F3_vol_drawdown_hedge-011,F3_vol_drawdown_hedge,beginning,358406.9999999999,704550.0,-0.09293903272340764,0.9405940594059405,101,63.0,0,0,free_real_approx_daily_open_no_quotes,False,False
F3_vol_drawdown_hedge-011,F3_vol_drawdown_hedge,ending,344558.0,690701.0000000001,-0.13423170837256515,0.9504950495049505,101,52.0,0,0,free_real_approx_daily_open_no_quotes,False,False
F3_vol_drawdown_hedge-012,F3_vol_drawdown_hedge,beginning,332560.9999999999,684774.9999999999,-0.16297267638530955,0.9595959595959596,99,41.0,0,0,free_real_approx_daily_open_no_quotes,False,False
F3_vol_drawdown_hedge-012,F3_vol_drawdown_hedge,ending,325548.99999999994,677763.0,-0.14933436841056213,0.9696969696969697,99,30.0,0,0,free_real_approx_daily_open_no_quotes,False,False
F3_vol_drawdown_hedge-013,F3_vol_drawdown_hedge,beginning,332560.9999999999,684774.9999999999,-0.16297267638530955,0.9595959595959596,99,41.0,0,0,free_real_approx_daily_open_no_quotes,False,False
F3_vol_drawdown_hedge-013,F3_vol_drawdown_hedge,ending,325548.99999999994,677763.0,-0.14933436841056213,0.9696969696969697,99,30.0,0,0,free_real_approx_daily_open_no_quotes,False,False
F3_vol_drawdown_hedge-014,F3_vol_drawdown_hedge,beginning,332560.9999999999,684774.9999999999,-0.16297267638530955,0.9595959595959596,99,41.0,0,0,free_real_approx_daily_open_no_quotes,False,False
F3_vol_drawdown_hedge-014,F3_vol_drawdown_hedge,ending,325548.99999999994,677763.0,-0.14933436841056213,0.9696969696969697,99,30.0,0,0,free_real_approx_daily_open_no_quotes,False,False
F3_vol_drawdown_hedge-015,F3_vol_drawdown_hedge,beginning,332560.9999999999,684774.9999999999,-0.16297267638530955,0.9595959595959596,99,41.0,0,0,free_real_approx_daily_open_no_quotes,False,False
F3_vol_drawdown_hedge-015,F3_vol_drawdown_hedge,ending,325548.99999999994,677763.0,-0.14933436841056213,0.9696969696969697,99,30.0,0,0,free_real_approx_daily_open_no_quotes,False,False
F3_vol_drawdown_hedge-016,F3_vol_drawdown_hedge,beginning,401714.0,731714.0,-0.12243666666666664,0.9242424242424242,66,52.0,0,0,free_real_approx_daily_open_no_quotes,False,False
F3_vol_drawdown_hedge-016,F3_vol_drawdown_hedge,ending,366839.99999999994,696840.0,-0.12243666666666664,0.927710843373494,83,63.0,0,0,free_real_approx_daily_open_no_quotes,False,False
F3_vol_drawdown_hedge-017,F3_vol_drawdown_hedge,beginning,401714.0,731714.0,-0.12243666666666664,0.9242424242424242,66,52.0,0,0,free_real_approx_daily_open_no_quotes,False,False
F3_vol_drawdown_hedge-017,F3_vol_drawdown_hedge,ending,366839.99999999994,696840.0,-0.12243666666666664,0.927710843373494,83,63.0,0,0,free_real_approx_daily_open_no_quotes,False,False
F3_vol_drawdown_hedge-018,F3_vol_drawdown_hedge,beginning,401714.0,731714.0,-0.12243666666666664,0.9242424242424242,66,52.0,0,0,free_real_approx_daily_open_no_quotes,False,False
F3_vol_drawdown_hedge-018,F3_vol_drawdown_hedge,ending,366839.99999999994,696840.0,-0.12243666666666664,0.927710843373494,83,63.0,0,0,free_real_approx_daily_open_no_quotes,False,False
F3_vol_drawdown_hedge-019,F3_vol_drawdown_hedge,beginning,401714.0,731714.0,-0.12243666666666664,0.9242424242424242,66,52.0,0,0,free_real_approx_daily_open_no_quotes,False,False
F3_vol_drawdown_hedge-019,F3_vol_drawdown_hedge,ending,366839.99999999994,696840.0,-0.12243666666666664,0.927710843373494,83,63.0,0,0,free_real_approx_daily_open_no_quotes,False,False
F3_vol_drawdown_hedge-020,F3_vol_drawdown_hedge,beginning,402251.9999999999,732251.9999999999,-0.19902666666666669,0.9508196721311475,61,30.0,0,0,free_real_approx_daily_open_no_quotes,False,False
F3_vol_drawdown_hedge-020,F3_vol_drawdown_hedge,ending,395112.0,725112.0,-0.19902666666666669,0.9516129032258065,62,30.0,0,0,free_real_approx_daily_open_no_quotes,False,False
F3_vol_drawdown_hedge-021,F3_vol_drawdown_hedge,beginning,402251.9999999999,732251.9999999999,-0.19902666666666669,0.9508196721311475,61,30.0,0,0,free_real_approx_daily_open_no_quotes,False,False
F3_vol_drawdown_hedge-021,F3_vol_drawdown_hedge,ending,395112.0,725112.0,-0.19902666666666669,0.9516129032258065,62,30.0,0,0,free_real_approx_daily_open_no_quotes,False,False
F3_vol_drawdown_hedge-022,F3_vol_drawdown_hedge,beginning,402251.9999999999,732251.9999999999,-0.19902666666666669,0.9508196721311475,61,30.0,0,0,free_real_approx_daily_open_no_quotes,False,False
F3_vol_drawdown_hedge-022,F3_vol_drawdown_hedge,ending,395112.0,725112.0,-0.19902666666666669,0.9516129032258065,62,30.0,0,0,free_real_approx_daily_open_no_quotes,False,False
F3_vol_drawdown_hedge-023,F3_vol_drawdown_hedge,beginning,402251.9999999999,732251.9999999999,-0.19902666666666669,0.9508196721311475,61,30.0,0,0,free_real_approx_daily_open_no_quotes,False,False
F3_vol_drawdown_hedge-023,F3_vol_drawdown_hedge,ending,395112.0,725112.0,-0.19902666666666669,0.9516129032258065,62,30.0,0,0,free_real_approx_daily_open_no_quotes,False,False
F3_vol_drawdown_hedge-024,F3_vol_drawdown_hedge,beginning,418030.9999999999,748030.9999999999,-0.09753536770723725,0.9418604651162791,86,52.0,0,0,free_real_approx_daily_open_no_quotes,False,False
F3_vol_drawdown_hedge-024,F3_vol_drawdown_hedge,ending,418030.9999999999,748030.9999999999,-0.09753536770723725,0.9418604651162791,86,52.0,0,0,free_real_approx_daily_open_no_quotes,False,False
F3_vol_drawdown_hedge-025,F3_vol_drawdown_hedge,beginning,418030.9999999999,748030.9999999999,-0.09753536770723725,0.9418604651162791,86,52.0,0,0,free_real_approx_daily_open_no_quotes,False,False
F3_vol_drawdown_hedge-025,F3_vol_drawdown_hedge,ending,418030.9999999999,748030.9999999999,-0.09753536770723725,0.9418604651162791,86,52.0,0,0,free_real_approx_daily_open_no_quotes,False,False
F3_vol_drawdown_hedge-026,F3_vol_drawdown_hedge,beginning,418030.9999999999,748030.9999999999,-0.09753536770723725,0.9418604651162791,86,52.0,0,0,free_real_approx_daily_open_no_quotes,False,False
F3_vol_drawdown_hedge-026,F3_vol_drawdown_hedge,ending,418030.9999999999,748030.9999999999,-0.09753536770723725,0.9418604651162791,86,52.0,0,0,free_real_approx_daily_open_no_quotes,False,False
F3_vol_drawdown_hedge-027,F3_vol_drawdown_hedge,beginning,418030.9999999999,748030.9999999999,-0.09753536770723725,0.9418604651162791,86,52.0,0,0,free_real_approx_daily_open_no_quotes,False,False
F3_vol_drawdown_hedge-027,F3_vol_drawdown_hedge,ending,418030.9999999999,748030.9999999999,-0.09753536770723725,0.9418604651162791,86,52.0,0,0,free_real_approx_daily_open_no_quotes,False,False
F3_vol_drawdown_hedge-028,F3_vol_drawdown_hedge,beginning,412292.99999999994,742293.0,-0.09886184796829667,0.9642857142857143,84,30.0,0,0,free_real_approx_daily_open_no_quotes,False,False
F3_vol_drawdown_hedge-028,F3_vol_drawdown_hedge,ending,412292.99999999994,742293.0,-0.09886184796829667,0.9642857142857143,84,30.0,0,0,free_real_approx_daily_open_no_quotes,False,False
F3_vol_drawdown_hedge-029,F3_vol_drawdown_hedge,beginning,412292.99999999994,742293.0,-0.09886184796829667,0.9642857142857143,84,30.0,0,0,free_real_approx_daily_open_no_quotes,False,False
F3_vol_drawdown_hedge-029,F3_vol_drawdown_hedge,ending,412292.99999999994,742293.0,-0.09886184796829667,0.9642857142857143,84,30.0,0,0,free_real_approx_daily_open_no_quotes,False,False
F3_vol_drawdown_hedge-030,F3_vol_drawdown_hedge,beginning,412292.99999999994,742293.0,-0.09886184796829667,0.9642857142857143,84,30.0,0,0,free_real_approx_daily_open_no_quotes,False,False
F3_vol_drawdown_hedge-030,F3_vol_drawdown_hedge,ending,412292.99999999994,742293.0,-0.09886184796829667,0.9642857142857143,84,30.0,0,0,free_real_approx_daily_open_no_quotes,False,False
F3_vol_drawdown_hedge-031,F3_vol_drawdown_hedge,beginning,412292.99999999994,742293.0,-0.09886184796829667,0.9642857142857143,84,30.0,0,0,free_real_approx_daily_open_no_quotes,False,False
F3_vol_drawdown_hedge-031,F3_vol_drawdown_hedge,ending,412292.99999999994,742293.0,-0.09886184796829667,0.9642857142857143,84,30.0,0,0,free_real_approx_daily_open_no_quotes,False,False
F3_vol_drawdown_hedge-032,F3_vol_drawdown_hedge,beginning,398924.0,728924.0,-3.809523809528148e-05,0.9682539682539683,63,19.0,0,0,free_real_approx_daily_open_no_quotes,False,False
F3_vol_drawdown_hedge-032,F3_vol_drawdown_hedge,ending,398924.0,728924.0,-3.809523809528148e-05,0.9682539682539683,63,19.0,0,0,free_real_approx_daily_open_no_quotes,False,False
F3_vol_drawdown_hedge-033,F3_vol_drawdown_hedge,beginning,398924.0,728924.0,-3.809523809528148e-05,0.9682539682539683,63,19.0,0,0,free_real_approx_daily_open_no_quotes,False,False
F3_vol_drawdown_hedge-033,F3_vol_drawdown_hedge,ending,398924.0,728924.0,-3.809523809528148e-05,0.9682539682539683,63,19.0,0,0,free_real_approx_daily_open_no_quotes,False,False
F3_vol_drawdown_hedge-034,F3_vol_drawdown_hedge,beginning,398924.0,728924.0,-3.809523809528148e-05,0.9682539682539683,63,19.0,0,0,free_real_approx_daily_open_no_quotes,False,False
F3_vol_drawdown_hedge-034,F3_vol_drawdown_hedge,ending,398924.0,728924.0,-3.809523809528148e-05,0.9682539682539683,63,19.0,0,0,free_real_approx_daily_open_no_quotes,False,False
F3_vol_drawdown_hedge-035,F3_vol_drawdown_hedge,beginning,398924.0,728924.0,-3.809523809528148e-05,0.9682539682539683,63,19.0,0,0,free_real_approx_daily_open_no_quotes,False,False
F3_vol_drawdown_hedge-035,F3_vol_drawdown_hedge,ending,398924.0,728924.0,-3.809523809528148e-05,0.9682539682539683,63,19.0,0,0,free_real_approx_daily_open_no_quotes,False,False
F3_vol_drawdown_hedge-036,F3_vol_drawdown_hedge,beginning,398924.0,728924.0,-3.809523809528148e-05,0.9682539682539683,63,19.0,0,0,free_real_approx_daily_open_no_quotes,False,False
F3_vol_drawdown_hedge-036,F3_vol_drawdown_hedge,ending,398924.0,728924.0,-3.809523809528148e-05,0.9682539682539683,63,19.0,0,0,free_real_approx_daily_open_no_quotes,False,False
F3_vol_drawdown_hedge-037,F3_vol_drawdown_hedge,beginning,398924.0,728924.0,-3.809523809528148e-05,0.9682539682539683,63,19.0,0,0,free_real_approx_daily_open_no_quotes,False,False
F3_vol_drawdown_hedge-037,F3_vol_drawdown_hedge,ending,398924.0,728924.0,-3.809523809528148e-05,0.9682539682539683,63,19.0,0,0,free_real_approx_daily_open_no_quotes,False,False
F3_vol_drawdown_hedge-038,F3_vol_drawdown_hedge,beginning,398924.0,728924.0,-3.809523809528148e-05,0.9682539682539683,63,19.0,0,0,free_real_approx_daily_open_no_quotes,False,False
F3_vol_drawdown_hedge-038,F3_vol_drawdown_hedge,ending,398924.0,728924.0,-3.809523809528148e-05,0.9682539682539683,63,19.0,0,0,free_real_approx_daily_open_no_quotes,False,False
F3_vol_drawdown_hedge-039,F3_vol_drawdown_hedge,beginning,398924.0,728924.0,-3.809523809528148e-05,0.9682539682539683,63,19.0,0,0,free_real_approx_daily_open_no_quotes,False,False
F3_vol_drawdown_hedge-039,F3_vol_drawdown_hedge,ending,398924.0,728924.0,-3.809523809528148e-05,0.9682539682539683,63,19.0,0,0,free_real_approx_daily_open_no_quotes,False,False
F3_vol_drawdown_hedge-040,F3_vol_drawdown_hedge,beginning,398924.0,728924.0,-3.809523809528148e-05,0.9682539682539683,63,19.0,0,0,free_real_approx_daily_open_no_quotes,False,False
F3_vol_drawdown_hedge-040,F3_vol_drawdown_hedge,ending,398924.0,728924.0,-3.809523809528148e-05,0.9682539682539683,63,19.0,0,0,free_real_approx_daily_open_no_quotes,False,False
F3_vol_drawdown_hedge-041,F3_vol_drawdown_hedge,beginning,398924.0,728924.0,-3.809523809528148e-05,0.9682539682539683,63,19.0,0,0,free_real_approx_daily_open_no_quotes,False,False
F3_vol_drawdown_hedge-041,F3_vol_drawdown_hedge,ending,398924.0,728924.0,-3.809523809528148e-05,0.9682539682539683,63,19.0,0,0,free_real_approx_daily_open_no_quotes,False,False
F3_vol_drawdown_hedge-042,F3_vol_drawdown_hedge,beginning,398924.0,728924.0,-3.809523809528148e-05,0.9682539682539683,63,19.0,0,0,free_real_approx_daily_open_no_quotes,False,False
F3_vol_drawdown_hedge-042,F3_vol_drawdown_hedge,ending,398924.0,728924.0,-3.809523809528148e-05,0.9682539682539683,63,19.0,0,0,free_real_approx_daily_open_no_quotes,False,False
F3_vol_drawdown_hedge-043,F3_vol_drawdown_hedge,beginning,398924.0,728924.0,-3.809523809528148e-05,0.9682539682539683,63,19.0,0,0,free_real_approx_daily_open_no_quotes,False,False
F3_vol_drawdown_hedge-043,F3_vol_drawdown_hedge,ending,398924.0,728924.0,-3.809523809528148e-05,0.9682539682539683,63,19.0,0,0,free_real_approx_daily_open_no_quotes,False,False
F3_vol_drawdown_hedge-044,F3_vol_drawdown_hedge,beginning,398924.0,728924.0,-3.809523809528148e-05,0.9682539682539683,63,19.0,0,0,free_real_approx_daily_open_no_quotes,False,False
F3_vol_drawdown_hedge-044,F3_vol_drawdown_hedge,ending,398924.0,728924.0,-3.809523809528148e-05,0.9682539682539683,63,19.0,0,0,free_real_approx_daily_open_no_quotes,False,False
F3_vol_drawdown_hedge-045,F3_vol_drawdown_hedge,beginning,398924.0,728924.0,-3.809523809528148e-05,0.9682539682539683,63,19.0,0,0,free_real_approx_daily_open_no_quotes,False,False
F3_vol_drawdown_hedge-045,F3_vol_drawdown_hedge,ending,398924.0,728924.0,-3.809523809528148e-05,0.9682539682539683,63,19.0,0,0,free_real_approx_daily_open_no_quotes,False,False
F3_vol_drawdown_hedge-046,F3_vol_drawdown_hedge,beginning,398924.0,728924.0,-3.809523809528148e-05,0.9682539682539683,63,19.0,0,0,free_real_approx_daily_open_no_quotes,False,False
F3_vol_drawdown_hedge-046,F3_vol_drawdown_hedge,ending,398924.0,728924.0,-3.809523809528148e-05,0.9682539682539683,63,19.0,0,0,free_real_approx_daily_open_no_quotes,False,False
F3_vol_drawdown_hedge-047,F3_vol_drawdown_hedge,beginning,398924.0,728924.0,-3.809523809528148e-05,0.9682539682539683,63,19.0,0,0,free_real_approx_daily_open_no_quotes,False,False
F3_vol_drawdown_hedge-047,F3_vol_drawdown_hedge,ending,398924.0,728924.0,-3.809523809528148e-05,0.9682539682539683,63,19.0,0,0,free_real_approx_daily_open_no_quotes,False,False
F3_vol_drawdown_hedge-048,F3_vol_drawdown_hedge,beginning,405174.9999999998,735174.9999999998,-0.32968754189494776,0.8627450980392157,51,74.0,0,0,free_real_approx_daily_open_no_quotes,False,False
F3_vol_drawdown_hedge-048,F3_vol_drawdown_hedge,ending,405174.9999999998,735174.9999999998,-0.28152691427093424,0.8627450980392157,51,74.0,0,0,free_real_approx_daily_open_no_quotes,False,False
F3_vol_drawdown_hedge-049,F3_vol_drawdown_hedge,beginning,405174.9999999998,735174.9999999998,-0.32968754189494776,0.8627450980392157,51,74.0,0,0,free_real_approx_daily_open_no_quotes,False,False
F3_vol_drawdown_hedge-049,F3_vol_drawdown_hedge,ending,405174.9999999998,735174.9999999998,-0.28152691427093424,0.8627450980392157,51,74.0,0,0,free_real_approx_daily_open_no_quotes,False,False
F3_vol_drawdown_hedge-050,F3_vol_drawdown_hedge,beginning,405174.9999999998,735174.9999999998,-0.32968754189494776,0.8627450980392157,51,74.0,0,0,free_real_approx_daily_open_no_quotes,False,False
F3_vol_drawdown_hedge-050,F3_vol_drawdown_hedge,ending,405174.9999999998,735174.9999999998,-0.28152691427093424,0.8627450980392157,51,74.0,0,0,free_real_approx_daily_open_no_quotes,False,False
F3_vol_drawdown_hedge-051,F3_vol_drawdown_hedge,beginning,405174.9999999998,735174.9999999998,-0.32968754189494776,0.8627450980392157,51,74.0,0,0,free_real_approx_daily_open_no_quotes,False,False
F3_vol_drawdown_hedge-051,F3_vol_drawdown_hedge,ending,405174.9999999998,735174.9999999998,-0.28152691427093424,0.8627450980392157,51,74.0,0,0,free_real_approx_daily_open_no_quotes,False,False
F3_vol_drawdown_hedge-052,F3_vol_drawdown_hedge,beginning,439340.0,769340.0,-0.19975189966784213,0.8979591836734694,49,52.0,0,0,free_real_approx_daily_open_no_quotes,False,False
F3_vol_drawdown_hedge-052,F3_vol_drawdown_hedge,ending,439339.9999999999,769339.9999999999,-0.13780887729537372,0.8979591836734694,49,52.0,0,0,free_real_approx_daily_open_no_quotes,False,False
F3_vol_drawdown_hedge-053,F3_vol_drawdown_hedge,beginning,439340.0,769340.0,-0.19975189966784213,0.8979591836734694,49,52.0,0,0,free_real_approx_daily_open_no_quotes,False,False
F3_vol_drawdown_hedge-053,F3_vol_drawdown_hedge,ending,439339.9999999999,769339.9999999999,-0.13780887729537372,0.8979591836734694,49,52.0,0,0,free_real_approx_daily_open_no_quotes,False,False
F3_vol_drawdown_hedge-054,F3_vol_drawdown_hedge,beginning,439340.0,769340.0,-0.19975189966784213,0.8979591836734694,49,52.0,0,0,free_real_approx_daily_open_no_quotes,False,False
F3_vol_drawdown_hedge-054,F3_vol_drawdown_hedge,ending,439339.9999999999,769339.9999999999,-0.13780887729537372,0.8979591836734694,49,52.0,0,0,free_real_approx_daily_open_no_quotes,False,False
F3_vol_drawdown_hedge-055,F3_vol_drawdown_hedge,beginning,439340.0,769340.0,-0.19975189966784213,0.8979591836734694,49,52.0,0,0,free_real_approx_daily_open_no_quotes,False,False
F3_vol_drawdown_hedge-055,F3_vol_drawdown_hedge,ending,439339.9999999999,769339.9999999999,-0.13780887729537372,0.8979591836734694,49,52.0,0,0,free_real_approx_daily_open_no_quotes,False,False
F3_vol_drawdown_hedge-056,F3_vol_drawdown_hedge,beginning,405174.9999999998,735174.9999999998,-0.32968754189494776,0.8627450980392157,51,74.0,0,0,free_real_approx_daily_open_no_quotes,False,False
F3_vol_drawdown_hedge-056,F3_vol_drawdown_hedge,ending,405174.9999999998,735174.9999999998,-0.28152691427093424,0.8627450980392157,51,74.0,0,0,free_real_approx_daily_open_no_quotes,False,False
F3_vol_drawdown_hedge-057,F3_vol_drawdown_hedge,beginning,405174.9999999998,735174.9999999998,-0.32968754189494776,0.8627450980392157,51,74.0,0,0,free_real_approx_daily_open_no_quotes,False,False
F3_vol_drawdown_hedge-057,F3_vol_drawdown_hedge,ending,405174.9999999998,735174.9999999998,-0.28152691427093424,0.8627450980392157,51,74.0,0,0,free_real_approx_daily_open_no_quotes,False,False
F3_vol_drawdown_hedge-058,F3_vol_drawdown_hedge,beginning,405174.9999999998,735174.9999999998,-0.32968754189494776,0.8627450980392157,51,74.0,0,0,free_real_approx_daily_open_no_quotes,False,False
F3_vol_drawdown_hedge-058,F3_vol_drawdown_hedge,ending,405174.9999999998,735174.9999999998,-0.28152691427093424,0.8627450980392157,51,74.0,0,0,free_real_approx_daily_open_no_quotes,False,False
F3_vol_drawdown_hedge-059,F3_vol_drawdown_hedge,beginning,405174.9999999998,735174.9999999998,-0.32968754189494776,0.8627450980392157,51,74.0,0,0,free_real_approx_daily_open_no_quotes,False,False
F3_vol_drawdown_hedge-059,F3_vol_drawdown_hedge,ending,405174.9999999998,735174.9999999998,-0.28152691427093424,0.8627450980392157,51,74.0,0,0,free_real_approx_daily_open_no_quotes,False,False
F3_vol_drawdown_hedge-060,F3_vol_drawdown_hedge,beginning,439340.0,769340.0,-0.19975189966784213,0.8979591836734694,49,52.0,0,0,free_real_approx_daily_open_no_quotes,False,False
F3_vol_drawdown_hedge-060,F3_vol_drawdown_hedge,ending,439339.9999999999,769339.9999999999,-0.13780887729537372,0.8979591836734694,49,52.0,0,0,free_real_approx_daily_open_no_quotes,False,False
F3_vol_drawdown_hedge-061,F3_vol_drawdown_hedge,beginning,439340.0,769340.0,-0.19975189966784213,0.8979591836734694,49,52.0,0,0,free_real_approx_daily_open_no_quotes,False,False
F3_vol_drawdown_hedge-061,F3_vol_drawdown_hedge,ending,439339.9999999999,769339.9999999999,-0.13780887729537372,0.8979591836734694,49,52.0,0,0,free_real_approx_daily_open_no_quotes,False,False
F3_vol_drawdown_hedge-062,F3_vol_drawdown_hedge,beginning,439340.0,769340.0,-0.19975189966784213,0.8979591836734694,49,52.0,0,0,free_real_approx_daily_open_no_quotes,False,False
F3_vol_drawdown_hedge-062,F3_vol_drawdown_hedge,ending,439339.9999999999,769339.9999999999,-0.13780887729537372,0.8979591836734694,49,52.0,0,0,free_real_approx_daily_open_no_quotes,False,False
F3_vol_drawdown_hedge-063,F3_vol_drawdown_hedge,beginning,439340.0,769340.0,-0.19975189966784213,0.8979591836734694,49,52.0,0,0,free_real_approx_daily_open_no_quotes,False,False
F3_vol_drawdown_hedge-063,F3_vol_drawdown_hedge,ending,439339.9999999999,769339.9999999999,-0.13780887729537372,0.8979591836734694,49,52.0,0,0,free_real_approx_daily_open_no_quotes,False,False
F3_vol_drawdown_hedge-064,F3_vol_drawdown_hedge,beginning,588371.0000000001,918371.0000000001,-0.3096254242405392,0.8909090909090909,55,63.0,0,0,free_real_approx_daily_open_no_quotes,False,False
F3_vol_drawdown_hedge-064,F3_vol_drawdown_hedge,ending,588371.0000000001,918371.0000000001,-0.27670440727429935,0.8909090909090909,55,63.0,0,0,free_real_approx_daily_open_no_quotes,False,False
F3_vol_drawdown_hedge-065,F3_vol_drawdown_hedge,beginning,588371.0000000001,918371.0000000001,-0.3096254242405392,0.8909090909090909,55,63.0,0,0,free_real_approx_daily_open_no_quotes,False,False
F3_vol_drawdown_hedge-065,F3_vol_drawdown_hedge,ending,588371.0000000001,918371.0000000001,-0.27670440727429935,0.8909090909090909,55,63.0,0,0,free_real_approx_daily_open_no_quotes,False,False
F3_vol_drawdown_hedge-066,F3_vol_drawdown_hedge,beginning,588371.0000000001,918371.0000000001,-0.3096254242405392,0.8909090909090909,55,63.0,0,0,free_real_approx_daily_open_no_quotes,False,False
F3_vol_drawdown_hedge-066,F3_vol_drawdown_hedge,ending,588371.0000000001,918371.0000000001,-0.27670440727429935,0.8909090909090909,55,63.0,0,0,free_real_approx_daily_open_no_quotes,False,False
F3_vol_drawdown_hedge-067,F3_vol_drawdown_hedge,beginning,588371.0000000001,918371.0000000001,-0.3096254242405392,0.8909090909090909,55,63.0,0,0,free_real_approx_daily_open_no_quotes,False,False
F3_vol_drawdown_hedge-067,F3_vol_drawdown_hedge,ending,588371.0000000001,918371.0000000001,-0.27670440727429935,0.8909090909090909,55,63.0,0,0,free_real_approx_daily_open_no_quotes,False,False
F3_vol_drawdown_hedge-068,F3_vol_drawdown_hedge,beginning,602675.0000000001,932675.0000000001,-0.21617180180466034,0.9245283018867925,53,41.0,0,0,free_real_approx_daily_open_no_quotes,False,False
F3_vol_drawdown_hedge-068,F3_vol_drawdown_hedge,ending,602675.0000000001,932675.0000000001,-0.17482941649099915,0.9245283018867925,53,41.0,0,0,free_real_approx_daily_open_no_quotes,False,False
F3_vol_drawdown_hedge-069,F3_vol_drawdown_hedge,beginning,602675.0000000001,932675.0000000001,-0.21617180180466034,0.9245283018867925,53,41.0,0,0,free_real_approx_daily_open_no_quotes,False,False
F3_vol_drawdown_hedge-069,F3_vol_drawdown_hedge,ending,602675.0000000001,932675.0000000001,-0.17482941649099915,0.9245283018867925,53,41.0,0,0,free_real_approx_daily_open_no_quotes,False,False
F3_vol_drawdown_hedge-070,F3_vol_drawdown_hedge,beginning,602675.0000000001,932675.0000000001,-0.21617180180466034,0.9245283018867925,53,41.0,0,0,free_real_approx_daily_open_no_quotes,False,False
F3_vol_drawdown_hedge-070,F3_vol_drawdown_hedge,ending,602675.0000000001,932675.0000000001,-0.17482941649099915,0.9245283018867925,53,41.0,0,0,free_real_approx_daily_open_no_quotes,False,False
F3_vol_drawdown_hedge-071,F3_vol_drawdown_hedge,beginning,602675.0000000001,932675.0000000001,-0.21617180180466034,0.9245283018867925,53,41.0,0,0,free_real_approx_daily_open_no_quotes,False,False
F3_vol_drawdown_hedge-071,F3_vol_drawdown_hedge,ending,602675.0000000001,932675.0000000001,-0.17482941649099915,0.9245283018867925,53,41.0,0,0,free_real_approx_daily_open_no_quotes,False,False
F3_vol_drawdown_hedge-072,F3_vol_drawdown_hedge,beginning,597742.0000000001,927742.0000000001,-0.3052850454008287,0.9090909090909091,55,52.0,0,0,free_real_approx_daily_open_no_quotes,False,False
F3_vol_drawdown_hedge-072,F3_vol_drawdown_hedge,ending,597742.0000000001,927742.0000000001,-0.27264326770975256,0.9090909090909091,55,52.0,0,0,free_real_approx_daily_open_no_quotes,False,False
F3_vol_drawdown_hedge-073,F3_vol_drawdown_hedge,beginning,597742.0000000001,927742.0000000001,-0.3052850454008287,0.9090909090909091,55,52.0,0,0,free_real_approx_daily_open_no_quotes,False,False
F3_vol_drawdown_hedge-073,F3_vol_drawdown_hedge,ending,597742.0000000001,927742.0000000001,-0.27264326770975256,0.9090909090909091,55,52.0,0,0,free_real_approx_daily_open_no_quotes,False,False
F3_vol_drawdown_hedge-074,F3_vol_drawdown_hedge,beginning,597742.0000000001,927742.0000000001,-0.3052850454008287,0.9090909090909091,55,52.0,0,0,free_real_approx_daily_open_no_quotes,False,False
F3_vol_drawdown_hedge-074,F3_vol_drawdown_hedge,ending,597742.0000000001,927742.0000000001,-0.27264326770975256,0.9090909090909091,55,52.0,0,0,free_real_approx_daily_open_no_quotes,False,False
F3_vol_drawdown_hedge-075,F3_vol_drawdown_hedge,beginning,597742.0000000001,927742.0000000001,-0.3052850454008287,0.9090909090909091,55,52.0,0,0,free_real_approx_daily_open_no_quotes,False,False
F3_vol_drawdown_hedge-075,F3_vol_drawdown_hedge,ending,597742.0000000001,927742.0000000001,-0.27264326770975256,0.9090909090909091,55,52.0,0,0,free_real_approx_daily_open_no_quotes,False,False
F3_vol_drawdown_hedge-076,F3_vol_drawdown_hedge,beginning,619844.0000000001,949844.0000000001,-0.21014624516196057,0.9433962264150944,53,30.0,0,0,free_real_approx_daily_open_no_quotes,False,False
F3_vol_drawdown_hedge-076,F3_vol_drawdown_hedge,ending,619844.0000000001,949844.0000000001,-0.16970673365736433,0.9433962264150944,53,30.0,0,0,free_real_approx_daily_open_no_quotes,False,False
F3_vol_drawdown_hedge-077,F3_vol_drawdown_hedge,beginning,619844.0000000001,949844.0000000001,-0.21014624516196057,0.9433962264150944,53,30.0,0,0,free_real_approx_daily_open_no_quotes,False,False
F3_vol_drawdown_hedge-077,F3_vol_drawdown_hedge,ending,619844.0000000001,949844.0000000001,-0.16970673365736433,0.9433962264150944,53,30.0,0,0,free_real_approx_daily_open_no_quotes,False,False
F3_vol_drawdown_hedge-078,F3_vol_drawdown_hedge,beginning,619844.0000000001,949844.0000000001,-0.21014624516196057,0.9433962264150944,53,30.0,0,0,free_real_approx_daily_open_no_quotes,False,False
F3_vol_drawdown_hedge-078,F3_vol_drawdown_hedge,ending,619844.0000000001,949844.0000000001,-0.16970673365736433,0.9433962264150944,53,30.0,0,0,free_real_approx_daily_open_no_quotes,False,False
F3_vol_drawdown_hedge-079,F3_vol_drawdown_hedge,beginning,619844.0000000001,949844.0000000001,-0.21014624516196057,0.9433962264150944,53,30.0,0,0,free_real_approx_daily_open_no_quotes,False,False
F3_vol_drawdown_hedge-079,F3_vol_drawdown_hedge,ending,619844.0000000001,949844.0000000001,-0.16970673365736433,0.9433962264150944,53,30.0,0,0,free_real_approx_daily_open_no_quotes,False,False
F3_vol_drawdown_hedge-080,F3_vol_drawdown_hedge,beginning,441193.0000000001,771193.0000000001,-0.39863968699518093,0.8857142857142857,35,41.0,0,0,free_real_approx_daily_open_no_quotes,False,False
F3_vol_drawdown_hedge-080,F3_vol_drawdown_hedge,ending,441193.0000000001,771193.0000000001,-0.361206039743454,0.8857142857142857,35,41.0,0,0,free_real_approx_daily_open_no_quotes,False,False
F3_vol_drawdown_hedge-081,F3_vol_drawdown_hedge,beginning,441193.0000000001,771193.0000000001,-0.39863968699518093,0.8857142857142857,35,41.0,0,0,free_real_approx_daily_open_no_quotes,False,False
F3_vol_drawdown_hedge-081,F3_vol_drawdown_hedge,ending,441193.0000000001,771193.0000000001,-0.361206039743454,0.8857142857142857,35,41.0,0,0,free_real_approx_daily_open_no_quotes,False,False
F3_vol_drawdown_hedge-082,F3_vol_drawdown_hedge,beginning,441193.0000000001,771193.0000000001,-0.39863968699518093,0.8857142857142857,35,41.0,0,0,free_real_approx_daily_open_no_quotes,False,False
F3_vol_drawdown_hedge-082,F3_vol_drawdown_hedge,ending,441193.0000000001,771193.0000000001,-0.361206039743454,0.8857142857142857,35,41.0,0,0,free_real_approx_daily_open_no_quotes,False,False
F3_vol_drawdown_hedge-083,F3_vol_drawdown_hedge,beginning,441193.0000000001,771193.0000000001,-0.39863968699518093,0.8857142857142857,35,41.0,0,0,free_real_approx_daily_open_no_quotes,False,False
F3_vol_drawdown_hedge-083,F3_vol_drawdown_hedge,ending,441193.0000000001,771193.0000000001,-0.361206039743454,0.8857142857142857,35,41.0,0,0,free_real_approx_daily_open_no_quotes,False,False
F3_vol_drawdown_hedge-084,F3_vol_drawdown_hedge,beginning,494004.0,824004.0,-0.26278049504641077,0.9117647058823529,34,30.0,0,0,free_real_approx_daily_open_no_quotes,False,False
F3_vol_drawdown_hedge-084,F3_vol_drawdown_hedge,ending,494004.0,824004.0,-0.21689089369895764,0.9117647058823529,34,30.0,0,0,free_real_approx_daily_open_no_quotes,False,False
F3_vol_drawdown_hedge-085,F3_vol_drawdown_hedge,beginning,494004.0,824004.0,-0.26278049504641077,0.9117647058823529,34,30.0,0,0,free_real_approx_daily_open_no_quotes,False,False
F3_vol_drawdown_hedge-085,F3_vol_drawdown_hedge,ending,494004.0,824004.0,-0.21689089369895764,0.9117647058823529,34,30.0,0,0,free_real_approx_daily_open_no_quotes,False,False
F3_vol_drawdown_hedge-086,F3_vol_drawdown_hedge,beginning,494004.0,824004.0,-0.26278049504641077,0.9117647058823529,34,30.0,0,0,free_real_approx_daily_open_no_quotes,False,False
F3_vol_drawdown_hedge-086,F3_vol_drawdown_hedge,ending,494004.0,824004.0,-0.21689089369895764,0.9117647058823529,34,30.0,0,0,free_real_approx_daily_open_no_quotes,False,False
F3_vol_drawdown_hedge-087,F3_vol_drawdown_hedge,beginning,494004.0,824004.0,-0.26278049504641077,0.9117647058823529,34,30.0,0,0,free_real_approx_daily_open_no_quotes,False,False
F3_vol_drawdown_hedge-087,F3_vol_drawdown_hedge,ending,494004.0,824004.0,-0.21689089369895764,0.9117647058823529,34,30.0,0,0,free_real_approx_daily_open_no_quotes,False,False
F3_vol_drawdown_hedge-088,F3_vol_drawdown_hedge,beginning,417742.0000000002,747742.0000000002,-0.15464097280405786,0.9305555555555556,72,52.0,0,0,free_real_approx_daily_open_no_quotes,False,False
F3_vol_drawdown_hedge-088,F3_vol_drawdown_hedge,ending,417742.0000000002,747742.0000000002,-0.15464097280405786,0.9305555555555556,72,52.0,0,0,free_real_approx_daily_open_no_quotes,False,False
F3_vol_drawdown_hedge-089,F3_vol_drawdown_hedge,beginning,417742.0000000002,747742.0000000002,-0.15464097280405786,0.9305555555555556,72,52.0,0,0,free_real_approx_daily_open_no_quotes,False,False
F3_vol_drawdown_hedge-089,F3_vol_drawdown_hedge,ending,417742.0000000002,747742.0000000002,-0.15464097280405786,0.9305555555555556,72,52.0,0,0,free_real_approx_daily_open_no_quotes,False,False
F3_vol_drawdown_hedge-090,F3_vol_drawdown_hedge,beginning,417742.0000000002,747742.0000000002,-0.15464097280405786,0.9305555555555556,72,52.0,0,0,free_real_approx_daily_open_no_quotes,False,False
F3_vol_drawdown_hedge-090,F3_vol_drawdown_hedge,ending,417742.0000000002,747742.0000000002,-0.15464097280405786,0.9305555555555556,72,52.0,0,0,free_real_approx_daily_open_no_quotes,False,False
F3_vol_drawdown_hedge-091,F3_vol_drawdown_hedge,beginning,417742.0000000002,747742.0000000002,-0.15464097280405786,0.9305555555555556,72,52.0,0,0,free_real_approx_daily_open_no_quotes,False,False
F3_vol_drawdown_hedge-091,F3_vol_drawdown_hedge,ending,417742.0000000002,747742.0000000002,-0.15464097280405786,0.9305555555555556,72,52.0,0,0,free_real_approx_daily_open_no_quotes,False,False
F3_vol_drawdown_hedge-092,F3_vol_drawdown_hedge,beginning,409924.00000000006,739924.0,-0.15742798391856005,0.9571428571428572,70,30.0,0,0,free_real_approx_daily_open_no_quotes,False,False
F3_vol_drawdown_hedge-092,F3_vol_drawdown_hedge,ending,409924.00000000006,739924.0,-0.15742798391856005,0.9571428571428572,70,30.0,0,0,free_real_approx_daily_open_no_quotes,False,False
F3_vol_drawdown_hedge-093,F3_vol_drawdown_hedge,beginning,409924.00000000006,739924.0,-0.15742798391856005,0.9571428571428572,70,30.0,0,0,free_real_approx_daily_open_no_quotes,False,False
F3_vol_drawdown_hedge-093,F3_vol_drawdown_hedge,ending,409924.00000000006,739924.0,-0.15742798391856005,0.9571428571428572,70,30.0,0,0,free_real_approx_daily_open_no_quotes,False,False
F3_vol_drawdown_hedge-094,F3_vol_drawdown_hedge,beginning,409924.00000000006,739924.0,-0.15742798391856005,0.9571428571428572,70,30.0,0,0,free_real_approx_daily_open_no_quotes,False,False
F3_vol_drawdown_hedge-094,F3_vol_drawdown_hedge,ending,409924.00000000006,739924.0,-0.15742798391856005,0.9571428571428572,70,30.0,0,0,free_real_approx_daily_open_no_quotes,False,False
F3_vol_drawdown_hedge-095,F3_vol_drawdown_hedge,beginning,409924.00000000006,739924.0,-0.15742798391856005,0.9571428571428572,70,30.0,0,0,free_real_approx_daily_open_no_quotes,False,False
F3_vol_drawdown_hedge-095,F3_vol_drawdown_hedge,ending,409924.00000000006,739924.0,-0.15742798391856005,0.9571428571428572,70,30.0,0,0,free_real_approx_daily_open_no_quotes,False,False
F3_vol_drawdown_hedge-096,F3_vol_drawdown_hedge,beginning,659139.0000000002,989139.0000000002,-0.2930451125009157,0.8909090909090909,55,63.0,0,0,free_real_approx_daily_open_no_quotes,False,False
F3_vol_drawdown_hedge-096,F3_vol_drawdown_hedge,ending,659139.0000000002,989139.0000000002,-0.2598463775693093,0.8909090909090909,55,63.0,0,0,free_real_approx_daily_open_no_quotes,False,False
F3_vol_drawdown_hedge-097,F3_vol_drawdown_hedge,beginning,659139.0000000002,989139.0000000002,-0.2930451125009157,0.8909090909090909,55,63.0,0,0,free_real_approx_daily_open_no_quotes,False,False
F3_vol_drawdown_hedge-097,F3_vol_drawdown_hedge,ending,659139.0000000002,989139.0000000002,-0.2598463775693093,0.8909090909090909,55,63.0,0,0,free_real_approx_daily_open_no_quotes,False,False
F3_vol_drawdown_hedge-098,F3_vol_drawdown_hedge,beginning,659139.0000000002,989139.0000000002,-0.2930451125009157,0.8909090909090909,55,63.0,0,0,free_real_approx_daily_open_no_quotes,False,False
F3_vol_drawdown_hedge-098,F3_vol_drawdown_hedge,ending,659139.0000000002,989139.0000000002,-0.2598463775693093,0.8909090909090909,55,63.0,0,0,free_real_approx_daily_open_no_quotes,False,False
F3_vol_drawdown_hedge-099,F3_vol_drawdown_hedge,beginning,659139.0000000002,989139.0000000002,-0.2930451125009157,0.8909090909090909,55,63.0,0,0,free_real_approx_daily_open_no_quotes,False,False
F3_vol_drawdown_hedge-099,F3_vol_drawdown_hedge,ending,659139.0000000002,989139.0000000002,-0.2598463775693093,0.8909090909090909,55,63.0,0,0,free_real_approx_daily_open_no_quotes,False,False
F3_vol_drawdown_hedge-100,F3_vol_drawdown_hedge,beginning,645079.0000000002,975079.0000000002,-0.2520952236562609,0.9245283018867925,53,41.0,0,0,free_real_approx_daily_open_no_quotes,False,False
F3_vol_drawdown_hedge-100,F3_vol_drawdown_hedge,ending,645079.0000000002,975079.0000000002,-0.21363719728017072,0.9245283018867925,53,41.0,0,0,free_real_approx_daily_open_no_quotes,False,False
F3_vol_drawdown_hedge-101,F3_vol_drawdown_hedge,beginning,645079.0000000002,975079.0000000002,-0.2520952236562609,0.9245283018867925,53,41.0,0,0,free_real_approx_daily_open_no_quotes,False,False
F3_vol_drawdown_hedge-101,F3_vol_drawdown_hedge,ending,645079.0000000002,975079.0000000002,-0.21363719728017072,0.9245283018867925,53,41.0,0,0,free_real_approx_daily_open_no_quotes,False,False
F3_vol_drawdown_hedge-102,F3_vol_drawdown_hedge,beginning,645079.0000000002,975079.0000000002,-0.2520952236562609,0.9245283018867925,53,41.0,0,0,free_real_approx_daily_open_no_quotes,False,False
F3_vol_drawdown_hedge-102,F3_vol_drawdown_hedge,ending,645079.0000000002,975079.0000000002,-0.21363719728017072,0.9245283018867925,53,41.0,0,0,free_real_approx_daily_open_no_quotes,False,False
F3_vol_drawdown_hedge-103,F3_vol_drawdown_hedge,beginning,645079.0000000002,975079.0000000002,-0.2520952236562609,0.9245283018867925,53,41.0,0,0,free_real_approx_daily_open_no_quotes,False,False
F3_vol_drawdown_hedge-103,F3_vol_drawdown_hedge,ending,645079.0000000002,975079.0000000002,-0.21363719728017072,0.9245283018867925,53,41.0,0,0,free_real_approx_daily_open_no_quotes,False,False
F3_vol_drawdown_hedge-104,F3_vol_drawdown_hedge,beginning,681990.0000000002,1011990.0000000002,-0.28336393471063615,0.9107142857142857,56,52.0,0,0,free_real_approx_daily_open_no_quotes,False,False
F3_vol_drawdown_hedge-104,F3_vol_drawdown_hedge,ending,681990.0000000002,1011990.0000000002,-0.2508727651921594,0.9107142857142857,56,52.0,0,0,free_real_approx_daily_open_no_quotes,False,False
F3_vol_drawdown_hedge-105,F3_vol_drawdown_hedge,beginning,681990.0000000002,1011990.0000000002,-0.28336393471063615,0.9107142857142857,56,52.0,0,0,free_real_approx_daily_open_no_quotes,False,False
F3_vol_drawdown_hedge-105,F3_vol_drawdown_hedge,ending,681990.0000000002,1011990.0000000002,-0.2508727651921594,0.9107142857142857,56,52.0,0,0,free_real_approx_daily_open_no_quotes,False,False
F3_vol_drawdown_hedge-106,F3_vol_drawdown_hedge,beginning,681990.0000000002,1011990.0000000002,-0.28336393471063615,0.9107142857142857,56,52.0,0,0,free_real_approx_daily_open_no_quotes,False,False
F3_vol_drawdown_hedge-106,F3_vol_drawdown_hedge,ending,681990.0000000002,1011990.0000000002,-0.2508727651921594,0.9107142857142857,56,52.0,0,0,free_real_approx_daily_open_no_quotes,False,False
F3_vol_drawdown_hedge-107,F3_vol_drawdown_hedge,beginning,681990.0000000002,1011990.0000000002,-0.28336393471063615,0.9107142857142857,56,52.0,0,0,free_real_approx_daily_open_no_quotes,False,False
F3_vol_drawdown_hedge-107,F3_vol_drawdown_hedge,ending,681990.0000000002,1011990.0000000002,-0.2508727651921594,0.9107142857142857,56,52.0,0,0,free_real_approx_daily_open_no_quotes,False,False
F3_vol_drawdown_hedge-108,F3_vol_drawdown_hedge,beginning,667332.0000000002,997332.0000000002,-0.24327011414691846,0.9444444444444444,54,30.0,0,0,free_real_approx_daily_open_no_quotes,False,False
F3_vol_drawdown_hedge-108,F3_vol_drawdown_hedge,ending,667332.0000000002,997332.0000000002,-0.20578795123433136,0.9444444444444444,54,30.0,0,0,free_real_approx_daily_open_no_quotes,False,False
F3_vol_drawdown_hedge-109,F3_vol_drawdown_hedge,beginning,667332.0000000002,997332.0000000002,-0.24327011414691846,0.9444444444444444,54,30.0,0,0,free_real_approx_daily_open_no_quotes,False,False
F3_vol_drawdown_hedge-109,F3_vol_drawdown_hedge,ending,667332.0000000002,997332.0000000002,-0.20578795123433136,0.9444444444444444,54,30.0,0,0,free_real_approx_daily_open_no_quotes,False,False
F3_vol_drawdown_hedge-110,F3_vol_drawdown_hedge,beginning,667332.0000000002,997332.0000000002,-0.24327011414691846,0.9444444444444444,54,30.0,0,0,free_real_approx_daily_open_no_quotes,False,False
F3_vol_drawdown_hedge-110,F3_vol_drawdown_hedge,ending,667332.0000000002,997332.0000000002,-0.20578795123433136,0.9444444444444444,54,30.0,0,0,free_real_approx_daily_open_no_quotes,False,False
F3_vol_drawdown_hedge-111,F3_vol_drawdown_hedge,beginning,667332.0000000002,997332.0000000002,-0.24327011414691846,0.9444444444444444,54,30.0,0,0,free_real_approx_daily_open_no_quotes,False,False
F3_vol_drawdown_hedge-111,F3_vol_drawdown_hedge,ending,667332.0000000002,997332.0000000002,-0.20578795123433136,0.9444444444444444,54,30.0,0,0,free_real_approx_daily_open_no_quotes,False,False
F3_vol_drawdown_hedge-112,F3_vol_drawdown_hedge,beginning,520761.0000000002,850761.0000000002,-0.36948993422702137,0.8461538461538461,26,41.0,0,0,free_real_approx_daily_open_no_quotes,False,False
F3_vol_drawdown_hedge-112,F3_vol_drawdown_hedge,ending,520761.00000000006,850761.0,-0.3316941779679137,0.8461538461538461,26,41.0,0,0,free_real_approx_daily_open_no_quotes,False,False
F3_vol_drawdown_hedge-113,F3_vol_drawdown_hedge,beginning,520761.0000000002,850761.0000000002,-0.36948993422702137,0.8461538461538461,26,41.0,0,0,free_real_approx_daily_open_no_quotes,False,False
F3_vol_drawdown_hedge-113,F3_vol_drawdown_hedge,ending,520761.00000000006,850761.0,-0.3316941779679137,0.8461538461538461,26,41.0,0,0,free_real_approx_daily_open_no_quotes,False,False
F3_vol_drawdown_hedge-114,F3_vol_drawdown_hedge,beginning,520761.0000000002,850761.0000000002,-0.36948993422702137,0.8461538461538461,26,41.0,0,0,free_real_approx_daily_open_no_quotes,False,False
F3_vol_drawdown_hedge-114,F3_vol_drawdown_hedge,ending,520761.00000000006,850761.0,-0.3316941779679137,0.8461538461538461,26,41.0,0,0,free_real_approx_daily_open_no_quotes,False,False
F3_vol_drawdown_hedge-115,F3_vol_drawdown_hedge,beginning,520761.0000000002,850761.0000000002,-0.36948993422702137,0.8461538461538461,26,41.0,0,0,free_real_approx_daily_open_no_quotes,False,False
F3_vol_drawdown_hedge-115,F3_vol_drawdown_hedge,ending,520761.00000000006,850761.0,-0.3316941779679137,0.8461538461538461,26,41.0,0,0,free_real_approx_daily_open_no_quotes,False,False
F3_vol_drawdown_hedge-116,F3_vol_drawdown_hedge,beginning,523692.0000000002,853692.0000000002,-0.2915139724622601,0.88,25,30.0,0,0,free_real_approx_daily_open_no_quotes,False,False
F3_vol_drawdown_hedge-116,F3_vol_drawdown_hedge,ending,523692.0000000002,853692.0000000002,-0.2490449016128774,0.88,25,30.0,0,0,free_real_approx_daily_open_no_quotes,False,False
F3_vol_drawdown_hedge-117,F3_vol_drawdown_hedge,beginning,523692.0000000002,853692.0000000002,-0.2915139724622601,0.88,25,30.0,0,0,free_real_approx_daily_open_no_quotes,False,False
F3_vol_drawdown_hedge-117,F3_vol_drawdown_hedge,ending,523692.0000000002,853692.0000000002,-0.2490449016128774,0.88,25,30.0,0,0,free_real_approx_daily_open_no_quotes,False,False
F3_vol_drawdown_hedge-118,F3_vol_drawdown_hedge,beginning,523692.0000000002,853692.0000000002,-0.2915139724622601,0.88,25,30.0,0,0,free_real_approx_daily_open_no_quotes,False,False
F3_vol_drawdown_hedge-118,F3_vol_drawdown_hedge,ending,523692.0000000002,853692.0000000002,-0.2490449016128774,0.88,25,30.0,0,0,free_real_approx_daily_open_no_quotes,False,False
F3_vol_drawdown_hedge-119,F3_vol_drawdown_hedge,beginning,523692.0000000002,853692.0000000002,-0.2915139724622601,0.88,25,30.0,0,0,free_real_approx_daily_open_no_quotes,False,False
F3_vol_drawdown_hedge-119,F3_vol_drawdown_hedge,ending,523692.0000000002,853692.0000000002,-0.2490449016128774,0.88,25,30.0,0,0,free_real_approx_daily_open_no_quotes,False,False
F3_vol_drawdown_hedge-120,F3_vol_drawdown_hedge,beginning,281631.00000000006,515721.9999999998,-0.42544658778546307,0.9257425742574258,202,162.0,0,0,free_real_approx_daily_open_no_quotes,False,False
F3_vol_drawdown_hedge-120,F3_vol_drawdown_hedge,ending,393656.0,723656.0,-0.06885952667296602,0.958904109589041,73,30.0,0,0,free_real_approx_daily_open_no_quotes,False,False
F3_vol_drawdown_hedge-121,F3_vol_drawdown_hedge,beginning,281631.00000000006,515721.9999999998,-0.42544658778546307,0.9257425742574258,202,162.0,0,0,free_real_approx_daily_open_no_quotes,False,False
F3_vol_drawdown_hedge-121,F3_vol_drawdown_hedge,ending,393656.0,723656.0,-0.06885952667296602,0.958904109589041,73,30.0,0,0,free_real_approx_daily_open_no_quotes,False,False
F3_vol_drawdown_hedge-122,F3_vol_drawdown_hedge,beginning,281631.00000000006,515721.9999999998,-0.42544658778546307,0.9257425742574258,202,162.0,0,0,free_real_approx_daily_open_no_quotes,False,False
F3_vol_drawdown_hedge-122,F3_vol_drawdown_hedge,ending,393656.0,723656.0,-0.06885952667296602,0.958904109589041,73,30.0,0,0,free_real_approx_daily_open_no_quotes,False,False
F3_vol_drawdown_hedge-123,F3_vol_drawdown_hedge,beginning,281631.00000000006,515721.9999999998,-0.42544658778546307,0.9257425742574258,202,162.0,0,0,free_real_approx_daily_open_no_quotes,False,False
F3_vol_drawdown_hedge-123,F3_vol_drawdown_hedge,ending,393656.0,723656.0,-0.06885952667296602,0.958904109589041,73,30.0,0,0,free_real_approx_daily_open_no_quotes,False,False
F3_vol_drawdown_hedge-124,F3_vol_drawdown_hedge,beginning,414467.0000000001,744467.0000000001,-0.15412443004107457,0.9692307692307692,65,19.0,0,0,free_real_approx_daily_open_no_quotes,False,False
F3_vol_drawdown_hedge-124,F3_vol_drawdown_hedge,ending,391267.0000000001,721267.0000000001,-0.1630326463905607,0.9696969696969697,66,19.0,0,0,free_real_approx_daily_open_no_quotes,False,False
F3_vol_drawdown_hedge-125,F3_vol_drawdown_hedge,beginning,414467.0000000001,744467.0000000001,-0.15412443004107457,0.9692307692307692,65,19.0,0,0,free_real_approx_daily_open_no_quotes,False,False
F3_vol_drawdown_hedge-125,F3_vol_drawdown_hedge,ending,391267.0000000001,721267.0000000001,-0.1630326463905607,0.9696969696969697,66,19.0,0,0,free_real_approx_daily_open_no_quotes,False,False
F3_vol_drawdown_hedge-126,F3_vol_drawdown_hedge,beginning,414467.0000000001,744467.0000000001,-0.15412443004107457,0.9692307692307692,65,19.0,0,0,free_real_approx_daily_open_no_quotes,False,False
F3_vol_drawdown_hedge-126,F3_vol_drawdown_hedge,ending,391267.0000000001,721267.0000000001,-0.1630326463905607,0.9696969696969697,66,19.0,0,0,free_real_approx_daily_open_no_quotes,False,False
F3_vol_drawdown_hedge-127,F3_vol_drawdown_hedge,beginning,414467.0000000001,744467.0000000001,-0.15412443004107457,0.9692307692307692,65,19.0,0,0,free_real_approx_daily_open_no_quotes,False,False
F3_vol_drawdown_hedge-127,F3_vol_drawdown_hedge,ending,391267.0000000001,721267.0000000001,-0.1630326463905607,0.9696969696969697,66,19.0,0,0,free_real_approx_daily_open_no_quotes,False,False
